StartDate,EndDate,Status,Progress,Duration (in seconds),Finished,RecordedDate,ResponseId,DistributionChannel,UserLanguage,Consent,RelCheck_1,RelCheck_2,RelCheck_3,RelCheck_4,RelCheck_5,TimeHelp_1,TimeHelp_2,TimeHelp_3,TimeHelp_4,TimeHelp_5,TimeHelp_6,TimeHelp_7,MoneyHelp_1,MoneyHelp_2,MoneyHelp_3,MoneyHelp_4,MoneyHelp_5,MoneyHelp_6,MoneyHelp_7,IndCol_1,IndCol_2,IndCol_3,IndCol_4,IndCol_5,IndCol_6,IndCol_7,IndCol_8,IndCol_9,IndCol_10,IndCol_11,IndCol_12,RelDist_1,RelDist_2,RelDist_3,RelDist_4,RelDist_5,RelDist_6,RelDist_7,RelCont_1,RelCont_2,RelCont_3,RelCont_4,RelCont_5,RelCont_6,RelCont_7,RelTalk_1,RelTalk_2,RelTalk_3,RelTalk_4,RelTalk_5,RelTalk_6,RelTalk_7,RelPhone_1,RelPhone_2,RelPhone_3,RelPhone_4,RelPhone_5,RelPhone_6,RelPhone_7,ParClose_1,ParClose_2,PPClose_1,PPClose_2,PartClose_1,PartClose_2,SibClose_1,SibClose_2,CousinClose_1,CousinClose_2,FriendClose_1,FriendClose_2,AcqClose_1,AcqClose_2,RelBen_1,RelBen_2,RelBen_3,RelBen_4,RelBen_5,RelBen_6,RelBen_7,RelHap_1,RelHap_2,RelHap_3,RelHap_4,RelHap_5,RelHap_6,RelHap_7,RelCost_1,RelCost_2,RelCost_3,RelCost_4,RelCost_5,RelCost_6,RelCost_7,RelPrior_1,RelPrior_2,RelPrior_3,RelPrior_4,RelPrior_5,RelPrior_6,RelPrior_7,ParSup_1,ParSup_2,ParSup_3,PPSup_1,PPSup_2,PPSup_3,PartSup_1,PartSup_2,PartSup_3,SibSup_1,SibSup_2,SibSup_3,CousinSup_1,CousinSup_2,CousinSup_3,FriendSup_1,FriendSup_2,FriendSup_3,AcqSup_1,AcqSup_2,AcqSup_3,Income,RaceEth_1,RaceEth_2,RaceEth_3,RaceEth_4,RaceEth_5,RaceEth_6,RaceEth_7,RaceEth_8,RaceEth_7_TEXT,country,Age,RelCheck2_1,RelCheck2_2,RelCheck2_3,RelCheck2_4,RelCheck2_5,RelCheck2_6,MarStat,MarStat_5_TEXT,RelLength_Text_1,RelLength_Text_2,MarLength,Living,Living_5_TEXT,Child,Child_3_TEXT,GenderID,GenderID_8_TEXT,GAB,GAB_5_TEXT,SexOr,SexOr_9_TEXT,SpGenderID,SpGenderID_8_TEXT,SpGAB,SpGAB_5_TEXT,SpSexOr,SpSexOr_9_TEXT,Attention_Check,DataConsent,aid
2/16/2023 10:02,2/16/2023 10:10,0,100,473,1,2/16/2023 10:10,R_1NkqLrfmX1BL8lG,anonymous,EN,1,1,1,1,1,1,5,2,7,0,,0,0,0,0,2000,0,,0,0,5,5,5,5,3,3,5,5,5,5,3,6,1,6,1,6,,1,1,9,9,9,9,,9,9,5,2,5,2,,5,4,5,2,4,2,,5,3,6,6,2,2,6,6,3,3,,,5,5,4,4,10,5,10,7,,10,5,10,10,10,10,,10,10,9,5,10,6,,6,5,10,8,10,10,,10,10,7,7,7,5,5,5,7,7,7,6,6,6,,,,7,7,7,6,6,6,3,1,0,0,0,0,0,0,0,,187,50,0,0,0,0,0,1,1,,29,0,26,1,,1,,2,,2,,1,,1,,1,,1,,4,1,63ee6fa0-3804-d35f-9de6-2ba049e218fc
2/16/2023 10:22,2/16/2023 10:29,0,100,445,1,2/16/2023 10:29,R_piXuzrA2OCe5R97,anonymous,EN,1,1,1,1,1,1,3,3,3,3,,2,0,499,499,391,373,,238,0,5,6,6,6,6,6,6,6,5,6,6,7,2,2,1,2,,1,1,9,9,9,9,,9,9,5,5,5,5,,5,5,5,5,5,5,,5,5,7,7,7,7,7,7,6,7,,,7,7,5,5,10,10,10,10,,8,7,10,10,10,10,,8,7,10,10,10,10,,8,7,10,10,10,10,,9,7,7,7,7,7,7,7,7,7,7,7,7,7,,,,7,7,7,5,5,5,3,0,0,0,0,1,0,0,0,,187,48,0,0,0,0,0,1,1,,10,0,3,1,,2,,1,,1,,1,,2,,2,,1,,4,1,63ee740e-bbec-0296-5e36-1f24cacf0ba4
2/16/2023 10:27,2/16/2023 10:35,0,100,450,1,2/16/2023 10:35,R_26eYq7kzWH6UeJE,anonymous,EN,1,0,0,0,1,0,5,5,2,,,2,0,790,596,582,,,32,0,7,6,7,7,3,6,2,7,7,7,1,7,3,3,1,,,2,2,9,9,9,,,9,6,5,4,5,,,5,2,5,4,3,,,4,1,7,7,7,7,7,7,,,,,7,7,5,5,10,10,10,,,10,8,10,10,10,,,10,10,10,10,10,,,10,5,10,10,10,,,10,8,7,7,7,7,7,7,7,7,7,,,,,,,7,7,7,2,2,2,6,1,0,0,0,0,0,0,0,,187,53,0,0,0,0,0,1,1,,4,5,3,1,,2,,2,,2,,1,,1,,1,,1,,4,1,63ee753e-a41f-50d6-8fba-cb6fe7eb9401
2/16/2023 10:22,2/16/2023 10:35,0,100,781,1,2/16/2023 10:35,R_2rot4h9QEN8Pydo,anonymous,EN,1,1,0,0,1,0,0,0,14,0,,0,0,0,0,2000,0,,0,0,7,3,2,7,2,3,6,5,2,6,6,7,7,7,1,7,,2,1,1,1,9,9,,5,5,1,1,5,1,,2,2,1,1,2,3,,1,2,1,1,1,1,7,7,7,7,,,4,4,3,2,0,0,10,10,,10,7,0,0,10,8,,8,6,0,0,10,8,,4,0,0,0,10,5,,5,1,1,1,1,1,1,1,6,6,6,6,6,6,,,,4,4,4,2,2,2,2,1,0,0,0,0,0,0,0,,187,64,0,0,1,0,1,0,1,,15,2,11,1,,2,,1,,1,,1,,2,,2,,1,,4,1,63ee740d-64ad-6322-3195-3bec26d1ebba
2/16/2023 10:30,2/16/2023 10:41,0,100,644,1,2/16/2023 10:41,R_1hQiz9R0BYShpzo,anonymous,EN,1,0,0,0,1,0,4,4,6,,,0,0,971,962,67,,,0,0,7,7,7,7,7,7,7,7,7,7,7,7,7,7,1,,,7,7,9,9,9,,,9,9,4,4,4,,,4,4,4,4,4,,,4,4,7,7,7,7,7,7,,,,,7,7,7,7,10,10,10,,,10,10,10,10,10,,,10,10,10,10,10,,,10,10,10,10,10,,,10,10,7,7,7,7,7,7,7,7,7,,,,,,,7,7,7,7,7,7,1,0,0,0,0,1,0,0,0,,78,59,0,0,0,0,0,1,1,,12,2,12.33,1,,1,,1,,1,,1,,2,,2,,1,,4,1,63ee7600-ff35-6477-af57-d1e29d37e6f2
2/16/2023 10:22,2/16/2023 10:42,0,100,1172,1,2/16/2023 10:42,R_1gdNlkrmdWj9Rvm,anonymous,EN,1,1,1,0,1,0,3,3,3,2,,2,1,596,600,307,289,,208,0,4,6,5,5,2,5,3,4,3,5,5,7,7,7,1,6,,6,2,5,5,9,9,,9,9,1,1,5,4,,3,2,1,1,5,5,,4,3,6,6,5,5,7,7,7,7,,,7,7,6,6,10,10,10,10,,10,7,10,10,10,10,,10,10,9,9,9,9,,9,7,10,10,10,10,,10,7,7,6,6,5,5,5,6,6,6,6,6,6,,,,6,6,6,5,4,4,3,1,0,0,0,0,0,0,0,,187,65,0,0,1,0,1,0,1,,43,11,42,1,,3,live together,2,,2,,1,,1,,1,,1,,4,1,63ee73fa-336c-c8c8-94a7-d65f35d3c3df
2/16/2023 10:28,2/16/2023 10:48,0,100,1184,1,2/16/2023 10:48,R_3iEEI0wg6qYBGf9,anonymous,EN,1,0,1,0,1,0,4,4,4,,1,1,0,393,375,469,,384,379,0,3,5,5,5,4,5,5,5,4,5,5,6,2,2,1,,3,1,1,5,5,9,,8,9,9,1,1,5,,2,5,5,1,1,3,,3,4,4,7,7,7,7,7,7,,,6,6,7,7,6,6,10,10,10,,10,10,10,10,10,10,,10,10,10,10,10,10,,10,10,10,10,10,10,,10,10,10,7,7,7,6,6,6,7,7,7,,,,6,6,6,7,7,7,4,4,4,2,1,0,0,0,0,0,0,0,,187,80,1,1,1,0,1,0,1,,61,6,58,1,,1,,2,,2,,1,,1,,1,,1,,4,1,63ee7539-48d9-a1d2-b7a1-d4682830b6a4
2/16/2023 10:43,2/16/2023 10:50,0,100,437,1,2/16/2023 10:50,R_31NnnwG5PQwNY2b,anonymous,EN,1,1,1,1,1,0,7,0,7,0,,0,0,410,0,1590,0,,0,0,5,5,4,4,5,5,5,5,2,5,5,6,3,1,1,3,,1,1,9,1,9,9,,9,9,5,1,5,5,,5,5,5,1,5,5,,5,5,7,7,1,1,7,7,1,1,,,4,4,3,3,10,0,10,1,,7,2,10,10,10,10,,10,10,4,4,4,4,,4,4,10,0,10,10,,1,0,7,7,7,1,1,1,7,7,7,1,1,1,,,,4,4,4,1,1,1,7,1,0,0,0,0,0,0,0,,187,59,0,0,0,0,1,0,1,,34,2,34,1,,1,,2,,2,,1,,1,,1,,1,,4,1,63ee78d3-e764-ebfd-d058-21f0ba050476
2/16/2023 10:28,2/16/2023 10:52,0,100,1433,1,2/16/2023 10:52,R_1d9P16OnBL8wFkd,anonymous,EN,1,1,1,0,1,0,3,3,5,0,,3,0,497,497,727,203,,76,0,5,1,7,7,2,1,4,6,2,7,2,7,7,7,1,7,,7,7,1,1,9,1,,7,9,1,1,1,1,,1,1,1,1,1,1,,1,1,7,7,1,1,7,7,2,1,,,5,3,7,5,10,0,10,2,,3,6,10,5,10,2,,6,7,7,0,10,0,,1,2,10,0,10,0,,5,7,7,7,7,1,1,1,7,7,7,7,7,7,,,,7,7,5,7,7,7,2,1,0,0,0,0,0,0,0,,187,64,1,0,1,0,1,0,1,,33,8,33,1,,1,,2,,2,,1,,1,,1,,1,,4,1,63ee7561-f41f-3995-2ece-88d2ad619a56
2/16/2023 10:42,2/16/2023 10:53,0,100,667,1,2/16/2023 10:53,R_2ztDEe2bmbblJnR,anonymous,EN,1,1,1,0,1,0,4,4,6,0,,0,0,1020,406,574,0,,0,0,1,6,5,5,2,5,6,2,1,7,6,7,7,7,1,6,,1,1,1,1,9,7,,7,7,1,1,5,4,,4,4,1,1,5,3,,5,5,7,7,4,4,7,7,6,6,,,4,4,3,3,0,0,10,8,,6,5,0,0,10,10,,8,7,0,0,10,5,,3,1,0,0,10,7,,5,3,1,1,1,1,1,1,7,7,7,6,6,6,,,,4,4,4,2,2,2,2,1,0,0,0,0,0,0,0,,187,79,1,0,1,0,1,0,1,,42,0,40,1,,2,,1,,1,,1,,2,,2,,1,,4,1,63ee78a9-a617-242d-5699-f8cf2ca4ab0a
2/16/2023 10:43,2/16/2023 10:57,0,100,803,1,2/16/2023 10:57,R_AnUZNHo6qvK0riV,anonymous,EN,1,1,1,0,1,0,0,0,10,4,,0,0,0,0,1503,497,,0,0,5,5,6,6,5,2,3,5,5,3,6,7,7,7,1,7,,7,3,1,1,9,9,,9,8,1,1,5,3,,3,3,1,3,3,4,,3,2,1,1,1,1,7,7,7,6,,,6,6,5,5,0,0,10,10,,9,8,0,0,10,10,,9,8,0,0,10,10,,9,8,0,0,10,10,,9,8,1,1,1,1,1,1,7,7,6,7,7,6,,,,6,6,6,6,6,6,6,1,0,0,0,0,0,0,0,,187,66,0,0,1,0,1,0,1,,36,1,33,1,,1,,2,,2,,1,,1,,1,,1,,4,1,63ee790c-2fd5-d97a-aff6-ff7858033a47
2/16/2023 10:41,2/16/2023 10:59,0,100,1104,1,2/16/2023 10:59,R_5vaGzawlCXzRd0B,anonymous,EN,1,1,1,0,1,0,0,0,8,0,,4,2,0,0,1730,0,,171,99,5,4,6,5,5,4,5,4,3,6,5,5,7,7,1,4,,2,1,1,1,9,2,,8,7,1,1,5,1,,4,3,1,1,4,1,,3,2,7,7,7,7,7,7,2,1,,,4,3,3,3,10,10,10,1,,4,3,10,10,10,1,,3,3,10,10,10,2,,2,1,10,10,10,0,,3,2,7,7,7,7,7,7,7,5,7,1,1,1,,,,4,4,4,4,4,4,3,1,0,0,0,0,0,0,0,,187,82,0,1,1,0,1,0,1,,16,1,12,1,,2,,1,,1,,1,,2,,2,,1,,4,1,63ee7877-59d2-7aad-a6a7-03c24dd3ce03
2/16/2023 10:38,2/16/2023 10:59,0,100,1311,1,2/16/2023 10:59,R_Xv9Nd2ix6zTZikV,anonymous,EN,1,1,1,1,1,0,7,3,4,0,,0,0,388,113,1499,0,,0,0,4,4,5,5,3,4,4,4,4,4,6,6,6,7,1,6,,2,2,9,1,9,9,,9,9,5,1,5,5,,5,3,5,1,2,5,,5,2,7,7,7,7,7,7,6,6,,,6,6,4,3,10,10,10,10,,10,7,10,10,10,10,,10,10,10,10,10,8,,7,2,10,10,10,9,,8,5,7,7,7,4,4,4,7,7,7,7,6,6,,,,7,7,7,5,3,2,2,1,0,0,0,0,0,0,0,,187,76,0,0,0,0,1,0,1,,60,7,60,1,,1,,2,,2,,1,,1,,1,,1,,4,1,63ee7794-9d3a-1f6c-dd24-f3d748347e71
2/16/2023 10:44,2/16/2023 11:01,0,100,1056,1,2/16/2023 11:01,R_21jJZUBshHtH4lw,anonymous,EN,1,1,1,1,1,0,10,0,0,4,,0,0,2000,0,0,0,,0,0,4,4,6,5,5,4,2,6,3,4,7,7,5,,,5,,1,1,9,,9,9,,7,6,1,1,1,1,,1,1,5,,,5,,2,2,7,7,,,7,7,7,7,,,3,3,2,2,10,,10,10,,5,3,10,,10,10,,5,5,10,,10,10,,5,2,10,,10,10,,5,3,7,7,5,,,,7,7,6,7,7,7,,,,4,4,4,3,3,3,3,1,0,0,0,0,0,0,0,,187,72,0,1,0,0,1,0,1,,57,2,53,1,,1,,2,,2,,1,,1,,1,,1,,4,1,63ee7907-3454-52cb-0039-9eff338f5df5
2/16/2023 10:37,2/16/2023 11:09,0,100,1909,1,2/16/2023 11:09,R_Wd0THQilnfMGqRP,anonymous,EN,1,0,0,1,0,0,1,1,0,,,5,7,400,400,1200,,,0,0,6,4,6,6,4,5,6,6,3,6,6,6,1,1,1,,,2,2,1,1,1,,,1,1,5,5,5,,,4,4,5,3,5,,,3,3,7,7,6,6,7,7,,,,,5,5,5,5,10,9,10,,,6,6,10,10,10,,,7,7,10,10,10,,,6,6,10,10,10,,,6,6,7,7,6,7,5,5,7,7,7,,,,,,,5,4,4,5,5,5,3,0,1,0,0,0,0,0,0,,187,69,0,0,0,0,0,1,1,,53,6,51,1,,1,,1,,1,,1,,1,,1,,1,,4,1,63ee77a0-da9a-05c8-d09f-d50766b65d4e
2/16/2023 10:52,2/16/2023 11:11,0,100,1131,1,2/16/2023 11:11,R_1P8kWVSGMlJJyU1,anonymous,EN,1,1,1,0,1,0,14,0,0,0,,0,0,2000,0,0,0,,0,0,5,3,6,6,4,2,5,1,2,6,6,5,2,6,1,1,,2,2,9,3,9,9,,9,9,5,1,5,5,,5,3,5,1,5,5,,5,3,7,7,1,1,7,7,7,7,,,5,5,3,2,10,0,10,10,,8,3,10,0,10,10,,10,8,10,0,10,10,,5,2,10,0,10,10,,6,1,7,7,7,1,1,1,7,7,7,7,7,7,,,,6,5,5,1,1,1,4,1,0,0,0,0,0,0,0,,187,59,0,0,0,0,1,0,1,,40,2,15,1,,2,,2,,2,,1,,1,,1,,1,,4,1,63ee77b7-d851-1761-0e03-0fec784950c1
2/16/2023 16:53,2/16/2023 16:57,0,100,243,1,2/16/2023 16:57,R_2PziPRKVG1pgsMP,anonymous,EN,1,0,0,1,0,0,7,0,7,,,0,0,100,500,800,,,600,0,4,4,4,4,4,4,4,4,4,4,4,4,1,1,1,,,1,1,5,5,5,,,5,5,1,1,1,,,1,1,1,1,1,,,1,1,4,4,4,4,4,4,,,,,4,4,5,4,5,5,5,,,5,5,5,5,5,,,4,5,5,6,5,,,6,5,5,5,5,,,4,6,4,4,4,4,4,4,4,4,4,,,,,,,4,4,4,4,4,4,1,0,0,0,1,0,0,0,0,,187,35,0,0,0,0,0,1,1,,20,0,20,2,,1,,2,,2,,1,,1,,1,,1,,2,1,63eecfb3-7e3f-c259-3a01-99563715ebd1
2/16/2023 16:52,2/16/2023 16:57,0,100,293,1,2/16/2023 16:57,R_71HC0rWKAcBZygN,anonymous,EN,1,1,1,1,1,1,8,1,2,2,,1,0,600,400,1000,0,,0,0,6,7,6,5,5,5,5,6,5,5,6,5,4,6,6,7,,6,6,8,8,5,6,,2,7,4,4,5,3,,3,4,4,3,5,4,,4,4,6,7,5,7,6,6,7,7,,,5,6,6,6,8,9,9,7,,6,6,9,8,9,9,,9,10,7,9,9,9,,8,10,5,8,9,8,,9,10,7,6,5,4,6,6,6,7,6,6,6,6,,,,7,6,4,5,5,7,2,0,1,0,0,0,0,0,0,,187,27,0,0,0,0,0,1,1,,5,3,2,1,,1,,2,,2,,4,,2,,1,,1,,4,1,63eecf9e-4b96-1cca-b4ac-6c77afaca3d1
2/16/2023 16:55,2/16/2023 16:59,0,100,243,1,2/16/2023 16:59,R_2zGbDET6QGV60E0,anonymous,EN,1,1,0,0,0,0,5,4,5,0,,0,0,2000,0,0,0,,0,0,6,6,6,6,6,6,6,6,5,6,5,5,5,4,4,5,,5,5,8,8,9,8,,8,8,3,5,4,4,,3,5,4,5,5,4,,4,4,6,6,5,7,6,7,6,6,,,7,7,7,5,9,8,8,6,,6,9,5,7,7,8,,7,10,8,7,6,8,,8,8,6,8,7,7,,7,7,6,6,5,5,6,6,5,5,5,5,6,5,,,,5,6,6,5,5,4,3,0,1,0,0,0,0,0,0,,187,29,0,0,0,0,0,1,1,,5,1,6,1,,1,,2,,2,,1,,1,,1,,1,,3,1,63eed04f-72dd-fd22-4b16-a4c38f51ff89
2/16/2023 16:53,2/16/2023 16:59,0,100,356,1,2/16/2023 16:59,R_2pYLezsatt3tZvf,anonymous,EN,1,1,0,0,1,0,6,2,3,2,,1,0,500,200,1000,300,,0,0,7,7,7,7,7,7,7,4,2,7,7,7,7,7,7,7,,7,7,9,9,9,9,,9,9,5,5,5,5,,5,5,5,5,5,5,,5,2,1,7,7,7,7,7,7,7,,,7,4,6,6,10,10,10,10,,10,10,10,10,10,10,,10,10,10,10,10,10,,10,10,10,10,10,10,,10,10,7,7,7,7,7,7,7,7,7,7,7,7,,,,7,4,7,4,4,4,1,0,1,0,0,0,0,0,0,,187,36,0,0,0,0,1,0,1,,14,0,13,1,,2,,2,,2,,4,,1,,1,,1,,4,1,63eecfac-c222-8086-d1f3-729148ed5cce
2/16/2023 16:54,2/16/2023 16:59,0,100,293,1,2/16/2023 16:59,R_1O0Bv95gddxK8tr,anonymous,EN,1,1,1,1,1,0,2,1,1,2,,3,5,300,200,300,500,,500,200,3,3,4,2,3,2,3,3,4,3,3,4,4,4,4,4,,5,4,2,5,6,8,,7,5,3,2,2,1,,4,5,4,3,2,1,,2,3,3,6,4,4,2,5,3,5,,,4,6,4,5,3,4,4,5,,3,3,2,3,3,1,,7,6,2,1,1,8,,6,7,3,3,3,3,,7,8,4,4,6,4,4,6,3,2,4,2,3,4,,,,4,3,5,4,4,5,3,1,0,0,0,0,0,0,0,,187,25,1,1,1,0,0,0,1,,7,2,7,1,,1,,2,,2,,1,,1,,1,,1,,2,1,63eed00a-9be5-a9a2-09b7-919145fa7841
2/16/2023 16:53,2/16/2023 17:00,0,100,449,1,2/16/2023 17:00,R_pKmlCdZeeZTxR5L,anonymous,EN,1,0,0,0,1,0,7,0,7,,,0,0,1000,0,1000,,,0,0,6,2,6,6,4,3,2,2,3,3,5,6,1,1,1,,,2,2,9,9,9,,,9,7,5,5,5,,,4,3,5,5,5,,,4,3,7,7,6,6,7,7,,,,,7,7,4,4,10,10,10,,,9,4,10,10,10,,,10,5,10,10,10,,,7,3,10,10,10,,,6,3,7,7,5,7,7,5,7,7,7,,,,,,,5,5,5,2,2,2,2,1,0,0,0,0,0,0,0,,187,40,0,1,0,0,0,0,1,,13,0,10,1,,1,,2,,2,,1,,1,,1,,1,,4,1,63eecfce-d233-f746-055d-4cf2dab7baa8
2/16/2023 16:54,2/16/2023 17:00,0,100,345,1,2/16/2023 17:00,R_UfDwhwXnJvHu3Zf,anonymous,EN,1,0,0,0,1,0,2,2,6,,,2,2,400,400,400,,,400,400,4,4,4,4,4,4,4,4,4,4,4,7,4,3,7,,,6,1,6,7,5,,,4,5,3,4,4,,,3,5,3,3,2,,,3,4,5,4,3,3,7,7,,,,,5,5,3,3,6,6,6,,,5,3,5,6,7,,,6,4,4,5,8,,,6,5,3,6,6,,,7,6,5,3,5,6,5,5,5,4,5,,,,,,,5,5,6,3,4,5,3,0,1,0,0,0,0,0,0,,187,22,0,0,0,0,0,1,1,,9,9,3,1,,2,,2,,2,,1,,1,,1,,1,,2,1,63eed043-c8fd-0122-6bea-4eee214c7dc9
2/16/2023 16:53,2/16/2023 17:00,0,100,446,1,2/16/2023 17:00,R_1DLHp7r8MDYFvAc,anonymous,EN,1,1,1,1,1,0,5,0,5,4,,0,0,500,0,1000,500,,0,0,1,4,1,1,1,1,2,2,3,4,4,5,2,3,1,2,,2,2,9,1,9,9,,1,9,5,1,5,5,,1,4,5,1,5,5,,1,4,7,7,1,1,4,1,7,7,,,1,1,4,3,10,0,1,10,,0,0,10,0,0,10,,0,0,0,10,10,0,,10,10,10,0,4,10,,0,0,7,7,7,1,1,1,1,1,1,5,5,5,,,,1,1,1,2,2,2,2,1,0,0,0,0,0,0,0,,187,43,0,1,0,0,0,0,1,,21,3,20,1,,1,,2,,2,,1,,1,,1,,1,,4,1,63eecf75-937d-5ced-fb83-164545c146d1
2/16/2023 16:54,2/16/2023 17:01,0,100,429,1,2/16/2023 17:01,R_2Vs6FWjVtOahsNb,anonymous,EN,1,0,1,0,0,0,2,2,2,,2,6,0,200,100,200,,1500,0,0,3,4,1,3,1,3,5,3,3,1,4,5,3,5,3,,1,4,3,3,5,4,,5,5,4,3,4,3,,3,2,1,3,3,5,,1,3,3,7,6,3,4,6,5,,,7,4,5,7,5,6,6,9,7,,10,9,10,8,5,10,,7,6,8,3,9,10,,5,7,9,3,6,8,,4,8,9,4,4,4,4,5,5,3,5,3,,,,3,5,6,4,7,4,3,4,5,1,0,1,0,0,0,0,0,0,,187,28,0,0,0,0,0,1,1,,8,10,5,1,,1,,1,,1,,1,,2,,2,,1,,3,1,63eed022-9f78-6341-ef8d-dd62a8547ccd
2/16/2023 16:57,2/16/2023 17:02,0,100,307,1,2/16/2023 17:02,R_1OCd385klZXj3do,anonymous,EN,1,1,1,1,1,1,0,0,14,0,,0,0,1000,0,1000,0,,0,0,7,7,7,7,1,7,7,7,7,7,7,7,7,7,7,7,,7,7,9,9,9,9,,9,9,5,5,5,5,,5,5,5,5,5,5,,5,5,7,7,7,7,7,7,7,7,,,7,7,7,7,10,10,10,10,,10,10,10,10,10,10,,10,10,10,10,10,10,,10,10,10,10,10,10,,10,10,7,7,6,7,7,6,7,7,6,7,7,7,,,,7,7,7,7,7,7,3,0,1,0,0,0,0,0,0,,187,24,0,1,0,0,0,0,1,,4,,4,1,,1,,1,,1,,1,,1,,1,,1,,4,1,63eed05c-eecd-9189-11d9-2bd475e49f60
2/16/2023 16:58,2/16/2023 17:06,0,100,455,1,2/16/2023 17:06,R_2w7tQ0A1Ay26foF,anonymous,EN,1,1,1,1,1,1,2,3,3,2,,2,2,200,400,300,300,,400,400,6,5,6,7,5,4,5,5,5,5,7,6,6,3,1,1,,3,1,5,6,7,9,,8,9,4,4,4,4,,3,4,5,4,4,4,,5,5,6,6,6,6,6,6,6,5,,,5,6,5,6,7,9,8,8,,8,8,7,8,9,0,,3,8,7,7,6,6,,7,7,7,8,8,8,,8,9,5,6,5,6,6,6,6,5,7,5,6,7,,,,5,5,7,6,6,6,6,0,1,0,0,0,0,0,0,,187,40,0,0,0,0,0,1,1,,25,1,20,1,,1,,2,,2,,1,,1,,1,,1,,4,1,63eed0dc-2a73-1e71-e250-5cefe08ec8eb
2/16/2023 16:57,2/16/2023 17:07,0,100,588,1,2/16/2023 17:07,R_21nf03OIPEaFIwU,anonymous,EN,1,1,1,1,1,1,5,2,5,1,,1,0,1000,300,600,0,,100,0,5,7,6,5,5,5,6,7,5,6,7,7,7,7,1,1,,2,1,9,9,,9,,9,3,1,1,5,2,,2,1,2,2,2,2,,2,1,7,7,1,1,7,7,7,7,,,4,4,2,,10,10,10,10,,10,10,,10,10,10,,10,,10,10,10,10,,10,10,10,,10,10,,10,10,7,7,7,2,1,1,7,7,7,7,,7,,,,,,7,1,2,1,6,1,0,0,0,0,0,0,0,,187,39,0,0,0,0,0,1,1,,20,3,20,1,,1,,2,,2,,1,,1,,1,,1,,4,1,63eed0d7-8eae-850c-9f16-230fe4dcd6e0
2/16/2023 18:00,2/16/2023 18:03,0,100,191,1,2/16/2023 18:03,R_W8wjDMKC5dFfarn,anonymous,EN,1,0,0,0,1,0,0,0,14,,,0,0,0,0,2000,,,0,0,7,7,4,4,6,5,6,5,5,3,3,6,1,1,6,,,1,1,2,5,9,,,2,2,3,2,5,,,2,2,3,3,5,,,2,1,1,2,2,2,7,6,,,,,3,2,3,1,2,3,9,,,3,2,3,3,10,,,4,2,2,1,10,,,2,1,2,2,10,,,4,1,3,3,2,3,2,3,6,6,6,,,,,,,2,3,2,2,2,1,2,1,0,0,0,0,0,0,0,,187,26,0,0,0,0,0,1,1,,12,2,4,1,,2,,2,,2,,1,,1,,1,,1,,4,1,63eedf6c-4b64-854d-4fec-3b072ef140b2
2/16/2023 18:02,2/16/2023 18:08,0,100,317,1,2/16/2023 18:08,R_1Nt51SandYHVyVN,anonymous,EN,1,0,0,0,1,0,0,0,3,,,0,11,0,2000,0,,,0,0,4,5,4,4,4,4,4,4,4,4,4,4,5,1,1,,,1,2,5,5,5,,,5,5,1,1,1,,,1,1,1,1,1,,,1,1,3,4,3,3,4,4,,,,,2,4,3,4,0,0,0,,,0,0,0,0,0,,,0,0,0,0,0,,,0,0,0,0,0,,,0,0,4,4,4,4,4,4,4,4,4,,,,,,,4,4,4,4,4,4,1,1,0,0,0,0,0,0,0,,187,36,0,0,0,0,0,1,1,,13,1,12,1,,1,,2,,2,,1,,1,,1,,1,,4,1,63eee014-657b-6143-4c06-5723d8ae4312
2/16/2023 18:06,2/16/2023 18:11,0,100,259,1,2/16/2023 18:11,R_1IY2DjxBKqjvhgE,anonymous,EN,1,0,0,1,1,0,7,2,3,,,0,2,1000,0,1000,,,0,0,4,4,4,4,4,4,4,4,4,4,4,4,7,1,1,,,1,1,5,5,5,,,5,5,1,1,1,,,1,1,1,1,1,,,1,1,1,1,1,1,1,1,,,,,1,1,1,1,0,0,0,,,0,0,0,0,0,,,0,0,0,0,0,,,0,0,0,0,0,,,0,0,4,4,4,4,4,4,4,4,4,,,,,,,4,4,4,4,4,4,3,0,0,0,0,1,0,0,0,,187,29,0,0,1,1,0,0,1,,0,0,2,1,,2,,1,,1,,1,,2,,2,,1,,4,1,63eee0e4-abfb-7ad8-c11f-4baa37c3fe2b
2/16/2023 18:06,2/16/2023 18:13,0,100,421,1,2/16/2023 18:13,R_2YsahjoI0axuyQ2,anonymous,EN,1,1,1,1,1,1,6,1,2,2,,2,1,750,50,700,200,,250,50,7,4,4,5,1,4,6,1,6,5,7,5,1,7,1,6,,1,1,9,7,9,8,,9,5,5,2,5,3,,5,2,5,1,5,2,,4,2,7,7,1,1,7,7,3,5,,,7,7,3,1,10,7,10,10,,10,8,10,10,10,10,,10,10,10,4,10,10,,10,5,10,3,10,6,,10,5,7,5,6,1,1,1,7,7,7,4,5,5,,,,5,5,5,4,4,4,1,1,0,0,0,0,0,0,0,,187,42,0,0,0,0,0,1,1,,4,10,2,1,,2,,2,,2,,1,,1,,1,,5,,4,1,63eee0f9-a8dc-d410-0f4c-00cdb90370aa
2/16/2023 18:04,2/16/2023 18:13,0,100,512,1,2/16/2023 18:13,R_2YrhAZcbCIU2NhU,anonymous,EN,1,1,1,1,1,1,7,0,2,2,,2,1,1000,0,0,1000,,0,0,5,7,2,5,4,6,7,5,4,3,4,7,1,4,1,2,,4,1,9,3,9,9,,9,9,5,1,5,4,,4,3,5,1,5,5,,5,4,7,7,1,1,7,6,4,7,,,5,5,3,1,10,1,10,10,,5,1,10,0,10,10,,5,1,10,0,10,10,,6,3,10,0,,10,,5,0,7,7,5,1,1,1,7,5,3,6,6,5,,,,5,5,5,1,1,1,1,1,0,0,0,0,0,0,0,,187,42,0,0,0,0,0,1,1,,3,2,2,1,,2,,2,,2,,1,,1,,1,,1,,4,1,63eee090-8b47-3885-8905-64c590412a34
2/16/2023 18:05,2/16/2023 18:16,0,100,652,1,2/16/2023 18:16,R_W9vHct1tbiamGkh,anonymous,EN,1,1,1,1,1,1,2,2,8,0,,2,0,500,500,700,0,,300,0,7,7,3,6,5,5,7,5,2,7,6,6,4,6,1,7,,3,3,9,9,9,4,,1,3,5,3,5,1,,1,1,5,3,5,2,,1,1,7,7,5,6,6,6,2,2,,,1,1,2,2,10,9,9,3,,0,1,10,9,10,3,,7,4,10,10,9,1,,1,1,10,10,9,2,,0,0,7,7,7,7,7,7,7,5,5,1,1,1,,,,2,2,2,1,2,2,3,0,0,0,0,0,1,0,0,,187,32,0,0,0,0,0,1,1,,6,0,5,1,,1,,2,,2,,1,,1,,1,,1,,4,1,63eee0d4-95da-62c9-1836-7ca95cdbfc4c
2/16/2023 18:02,2/16/2023 18:25,0,100,1373,1,2/16/2023 18:25,R_1GBrghs6HCxHdQa,anonymous,EN,1,1,1,1,1,1,4,1,4,4,,1,0,1000,0,1000,0,,0,0,4,4,4,4,4,4,4,2,4,5,1,6,3,2,1,3,,3,2,8,8,9,8,,9,8,3,3,5,5,,2,1,2,3,4,3,,3,,2,1,1,1,7,7,7,7,,,4,4,1,1,10,5,10,10,,10,0,10,6,10,10,,10,0,0,10,0,0,,5,10,10,3,0,0,,10,0,5,5,6,2,2,2,4,4,4,4,4,4,,,,4,4,4,1,1,1,4,0,0,0,1,0,0,0,0,,187,40,0,0,0,0,0,1,1,,9,7,5,1,,1,,1,,1,,1,,2,,2,,1,,4,1,63eee014-9a0c-7106-9cdd-5394729542ce
2/16/2023 16:58,2/16/2023 18:39,0,100,6076,1,2/16/2023 18:39,R_2anO1C5BMn8MzJ0,anonymous,EN,1,1,1,1,1,1,4,1,4,2,,3,0,400,200,400,400,,400,200,5,3,5,6,5,5,5,5,6,3,3,5,7,2,1,7,,3,2,9,9,9,7,,9,6,2,1,2,2,,2,1,3,2,2,3,,3,2,6,6,5,5,7,7,6,6,,,6,6,4,4,8,7,9,8,,8,4,9,8,9,7,,8,6,7,6,7,6,,7,3,7,7,7,6,,5,3,6,6,6,5,5,5,5,6,5,5,5,5,,,,6,7,6,3,4,3,3,1,0,0,0,0,0,0,0,,187,40,0,0,0,0,0,1,1,,15,3,10,1,,2,,2,,2,,1,,1,,1,,1,,3,1,63eed0ad-127e-7be4-48dc-a2e82b1f3add
2/16/2023 19:09,2/16/2023 19:13,0,100,243,1,2/16/2023 19:13,R_1f9FCzOsRhjI9mu,anonymous,EN,1,0,0,0,1,0,2,4,2,,,2,4,400,400,200,,,400,600,6,5,5,7,6,5,6,5,6,5,6,5,5,3,5,,,6,4,8,8,8,,,7,7,5,4,4,,,3,3,4,4,4,,,3,3,6,6,6,5,6,5,,,,,5,4,5,5,7,7,4,,,6,8,8,7,8,,,8,8,7,8,8,,,8,9,6,7,6,,,6,7,6,5,5,4,6,6,6,6,6,,,,,,,5,6,6,6,6,6,4,0,0,0,0,1,0,0,0,,187,35,0,0,1,1,0,0,1,,7,11,8,1,,1,,2,,2,,1,,2,,1,,1,,4,1,63eeefa9-1217-f6ae-0576-f764793c47e6
2/16/2023 19:08,2/16/2023 19:15,0,100,469,1,2/16/2023 19:15,R_3elh9tZhaCS6Jgv,anonymous,EN,1,0,0,0,1,0,3,1,8,,,1,1,0,2000,0,,,0,0,5,5,6,5,5,3,5,2,4,4,5,6,2,1,1,,,3,3,8,9,9,,,9,7,4,5,5,,,2,1,2,2,5,,,2,1,5,5,5,5,4,5,,,,,5,3,3,2,8,8,9,,,8,8,8,8,8,,,8,8,8,9,8,,,9,9,8,7,8,,,7,8,5,5,5,5,5,6,7,7,7,,,,,,,4,4,5,5,3,3,5,0,1,0,0,0,0,0,0,,187,42,0,0,0,0,0,1,1,,25,6,22,1,,1,,1,,1,,1,,2,,2,,1,,4,1,63eeef59-c4ec-1b5b-e6b5-c91956cfe275
2/16/2023 19:12,2/16/2023 19:16,0,100,219,1,2/16/2023 19:16,R_1K1kGnVj62ZMsxF,anonymous,EN,1,1,0,0,0,0,0,10,0,4,,0,0,0,0,0,2000,,0,0,3,4,4,5,5,4,4,3,4,4,4,5,1,3,3,3,,3,2,4,6,7,5,,3,2,4,3,2,4,,3,1,4,5,4,3,,3,3,5,5,3,5,5,5,3,4,,,3,7,4,5,6,5,4,3,,2,1,0,3,3,2,,3,4,4,5,3,2,,7,6,3,8,7,7,,6,5,5,5,4,4,3,2,2,2,5,5,6,5,,,,6,4,5,4,4,4,5,0,1,1,0,0,0,0,0,,187,25,0,0,0,0,0,1,1,,1,2,1,1,,1,,2,,2,,1,,1,,1,,1,,4,1,63eef051-445e-787f-f744-5a9cd6b830fa
2/16/2023 19:11,2/16/2023 19:19,0,100,473,1,2/16/2023 19:19,R_w60w2rSTj3ikGqJ,anonymous,EN,1,0,0,0,1,0,7,0,7,,,0,0,1000,0,1000,,,0,0,3,3,4,3,4,5,3,5,3,3,5,6,7,1,6,,,4,2,9,9,9,,,9,9,3,3,5,,,3,4,3,1,4,,,3,2,6,6,1,1,5,3,,,,,3,2,1,1,10,1,8,,,6,6,10,2,10,,,10,10,7,2,5,,,3,2,9,1,7,,,6,3,7,7,7,1,2,1,7,7,7,,,,,,,6,5,6,4,4,4,5,1,0,0,0,0,0,0,0,,187,43,0,0,0,0,0,1,1,,20,1,19,1,,1,,2,,2,,1,,1,,1,,1,,4,1,63eef01b-6579-2a54-1417-456d9a85466d
2/16/2023 19:13,2/16/2023 19:21,0,100,463,1,2/16/2023 19:21,R_3fr9gEZjV1a1ug6,anonymous,EN,1,1,0,1,1,0,2,0,4,4,,4,0,300,300,300,300,,300,500,7,4,1,7,3,3,5,5,5,4,3,5,1,2,1,1,,2,1,8,9,6,7,,7,8,3,3,5,3,,4,1,3,1,5,3,,5,1,2,3,1,1,7,7,5,5,,,7,7,1,1,9,0,10,8,,10,0,8,0,10,5,,10,0,6,0,10,1,,10,0,0,0,10,5,,10,4,3,3,5,2,5,2,1,4,4,2,6,6,,,,4,6,6,4,6,7,1,1,0,0,0,0,0,0,0,,187,22,0,0,0,0,0,1,1,,5,2,1,1,,1,,2,,2,,4,,1,,1,,1,,0,1,63eef071-19d5-f9cc-588b-6d6e89a84345
2/16/2023 19:15,2/16/2023 19:23,0,100,454,1,2/16/2023 19:23,R_1plpsdyoC811cKS,anonymous,EN,1,1,1,1,1,0,0,0,9,3,,2,0,0,0,1000,0,,1000,0,6,7,7,6,6,5,7,7,6,3,7,5,7,1,1,7,,1,7,1,1,9,9,,9,9,1,5,5,1,,4,2,5,4,5,1,,4,1,1,6,1,1,7,7,7,7,,,4,4,2,2,0,7,10,4,,8,6,0,0,10,10,,9,8,0,0,7,9,,7,7,4,8,9,9,,10,8,7,6,1,2,1,1,7,7,7,3,3,3,,,,6,6,6,7,6,6,1,1,0,0,0,0,0,0,0,,187,25,0,0,0,0,0,1,1,,2,0,3,1,,2,,2,,2,,1,,1,,1,,1,,4,1,63eef0fc-fbbe-c4de-507f-8a21f502a9d2
2/16/2023 19:10,2/16/2023 19:23,0,100,764,1,2/16/2023 19:23,R_1gcL1zPv04hRgdz,anonymous,EN,1,1,1,1,1,1,4,4,4,1,,1,0,0,0,2000,0,,0,0,5,3,5,3,3,3,7,5,1,7,7,7,3,4,1,6,,1,3,9,9,9,9,,9,9,4,2,5,3,,3,2,4,2,5,3,,3,2,7,7,5,5,7,7,5,5,,,4,5,4,4,10,10,10,7,,5,3,10,10,10,10,,10,7,10,10,10,5,,5,2,10,10,10,7,,5,2,7,7,7,7,5,4,7,7,7,7,7,6,,,,7,7,6,4,4,4,6,1,0,0,0,0,0,0,0,,187,44,0,0,0,0,0,1,1,,22,6,20,1,,1,,1,,1,,1,,2,,2,,1,,4,1,63eeefa9-7fbc-bec8-4db9-8ae51bcd2072
2/16/2023 19:16,2/16/2023 19:23,0,100,418,1,2/16/2023 19:23,R_1GTCOloCMOTcvNq,anonymous,EN,1,1,0,0,0,0,10,4,0,0,,0,0,1000,1000,0,0,,0,0,3,3,3,2,4,4,4,2,4,2,4,6,4,2,2,4,,3,3,3,4,4,4,,3,3,2,4,3,2,,5,5,3,4,4,3,,2,3,4,6,4,5,3,6,4,5,,,3,7,3,5,6,4,3,2,,1,6,2,7,5,4,,4,6,5,3,4,4,,3,6,4,3,3,7,,7,8,4,4,6,6,4,7,3,5,4,5,4,5,,,,3,1,5,1,4,6,5,0,1,0,0,0,0,0,0,,187,26,0,0,0,0,0,1,1,,5,15,5,1,,1,,1,,1,,1,,2,,2,,1,,1,1,63eef126-6b8e-4d9f-f4f6-009689f4891e
2/16/2023 19:17,2/16/2023 19:24,0,100,432,1,2/16/2023 19:24,R_2fkA5J94kgLqaRS,anonymous,EN,1,0,0,0,1,0,4,3,5,,,2,0,350,400,750,,,320,180,3,5,5,5,5,5,6,4,4,5,3,5,2,3,1,,,3,3,8,9,8,,,7,5,3,3,5,,,4,2,4,4,5,,,4,3,6,5,4,3,7,7,,,,,4,5,3,3,7,5,9,,,6,4,10,10,9,,,7,5,6,5,9,,,5,4,8,7,9,,,8,5,6,6,5,6,4,4,6,7,7,,,,,,,5,6,5,4,5,4,1,1,0,0,0,0,0,0,0,,187,27,0,1,0,0,0,0,1,,3,2,4,1,,1,,1,,1,,1,,2,,2,,1,,3,1,63eef170-8478-f6f3-7af1-e5d82e501f81
2/16/2023 19:19,2/16/2023 19:25,0,100,391,1,2/16/2023 19:25,R_3kgEZsD4j6EyAkO,anonymous,EN,1,1,0,1,1,0,3,2,5,2,,2,0,500,300,600,300,,300,0,3,3,5,3,3,4,4,3,4,5,5,4,4,4,4,5,,4,3,1,6,7,7,,7,8,2,4,5,5,,5,5,3,4,3,2,,3,4,5,6,4,6,4,5,4,6,,,5,6,5,5,6,8,8,7,,6,7,4,7,7,6,,6,5,5,6,7,6,,5,9,6,9,9,8,,7,7,5,6,6,4,6,6,4,5,5,3,4,7,,,,4,6,7,4,6,5,2,0,0,0,1,0,0,0,0,,187,23,0,0,0,0,0,1,1,,1,4,1,1,,2,,1,,1,,1,,2,,2,,1,,4,1,63eef1d0-c75a-23cf-01d0-5a28b5c8b928
2/16/2023 19:16,2/16/2023 19:25,0,100,541,1,2/16/2023 19:25,R_2V47xjQpXZbjfqB,anonymous,EN,1,1,1,0,1,0,0,0,14,0,,0,0,0,0,2000,0,,0,0,7,7,7,7,1,1,1,7,7,7,7,7,4,7,3,4,,1,1,9,1,9,9,,9,9,3,1,3,3,,2,2,3,1,3,1,,2,2,3,5,4,4,4,5,4,3,,,4,4,4,5,5,6,6,6,,6,6,4,6,7,7,,6,7,4,6,8,6,,5,6,4,5,5,5,,7,6,5,5,5,3,4,5,2,5,6,2,5,6,,,,3,6,6,1,4,5,4,1,0,0,0,0,0,0,0,,187,45,0,0,0,0,1,0,1,,25,0,20,1,,1,,1,,1,,1,,2,,2,,1,,4,1,63eef148-9284-e37a-9639-f6fe68c86130
2/16/2023 19:19,2/16/2023 19:26,0,100,413,1,2/16/2023 19:26,R_W2mJD2k1jZPtx4t,anonymous,EN,1,0,0,0,1,1,2,2,1,,,5,4,800,800,400,,,0,0,7,7,7,7,3,7,7,7,7,7,6,5,4,2,1,,,2,2,6,9,9,,,7,7,1,1,3,,,4,4,2,2,4,,,3,3,1,5,4,4,5,7,,,,,5,4,4,4,6,6,6,,,6,7,5,6,7,,,6,6,6,6,7,,,6,7,6,6,6,,,6,6,4,4,3,4,4,4,4,4,4,,,,,,,4,4,4,5,3,2,5,1,0,0,0,0,0,0,0,,187,45,1,1,1,0,0,0,1,,18,9,13,1,,2,,2,,2,,1,,1,,1,,1,,4,1,63eef1db-b573-e277-ebad-2111b88ececf
2/16/2023 19:18,2/16/2023 19:26,0,100,448,1,2/16/2023 19:26,R_3GBdbW9XPxM7c82,anonymous,EN,1,0,0,1,1,0,3,3,3,,,3,2,500,400,400,,,300,400,1,7,6,4,6,7,4,6,5,6,6,7,6,5,7,,,6,4,9,9,8,,,9,9,5,3,4,,,4,5,5,5,4,,,4,5,6,7,6,7,6,6,,,,,6,6,6,6,8,8,8,,,9,8,8,9,9,,,9,8,7,9,7,,,8,8,7,8,8,,,8,9,6,7,6,7,6,7,5,6,6,,,,,,,3,7,7,4,6,7,6,1,0,0,0,0,0,0,0,,187,39,1,1,0,1,0,0,1,,16,5,17,1,,1,,1,,1,,1,,2,,2,,1,,4,1,63eef1b1-24ff-8add-68ac-8d55d4654974
2/16/2023 19:18,2/16/2023 19:27,0,100,521,1,2/16/2023 19:27,R_bQNJ0wonSzMtgeB,anonymous,EN,1,1,1,1,1,0,4,0,5,4,,1,0,200,200,1200,200,,200,0,5,5,5,4,5,4,4,5,5,5,6,5,2,5,6,2,,3,2,8,7,9,8,,8,4,3,4,4,3,,2,2,3,3,5,3,,4,2,6,4,5,6,6,6,4,6,,,4,7,5,5,5,8,9,6,,6,5,3,7,10,6,,6,5,6,5,6,4,,6,8,4,6,6,6,,6,7,2,5,6,5,6,6,5,4,3,5,6,6,,,,7,6,6,6,4,5,3,0,0,0,0,1,0,0,0,,187,37,0,0,0,0,1,0,1,,7,2,6,1,,2,,2,,2,,1,,2,,1,,1,,3,1,63eef1bd-03c7-877f-8f68-7bc1f82ed04d
2/16/2023 19:20,2/16/2023 19:27,0,100,382,1,2/16/2023 19:27,R_3PTBuXDPtEduJ28,anonymous,EN,1,0,0,0,1,0,10,1,1,,,1,1,1600,100,100,,,100,100,5,6,4,5,5,6,6,5,6,5,7,6,2,4,2,,,3,2,9,4,7,,,7,7,4,2,2,,,4,4,2,1,2,,,2,2,7,6,2,3,5,5,,,,,5,5,5,6,8,1,3,,,5,6,9,2,5,,,8,5,2,2,3,,,2,3,8,3,4,,,5,7,6,6,6,2,2,2,2,4,4,,,,,,,5,6,6,6,5,6,2,1,0,0,0,0,0,0,0,,187,40,0,0,0,0,0,1,1,,4,4,3,2,,2,,2,,2,,1,,1,,1,,1,,4,1,63eef25e-15c1-175a-9f82-324d071c6d9c
2/16/2023 19:19,2/16/2023 19:27,0,100,475,1,2/16/2023 19:27,R_NUCInWCXaI1ZORX,anonymous,EN,1,0,0,0,1,0,3,2,8,,,1,0,500,500,1000,,,0,0,1,4,1,2,7,4,5,7,7,7,7,7,1,5,1,,,2,1,9,9,9,,,9,6,5,5,5,,,3,3,4,4,5,,,4,5,7,7,7,5,7,7,,,,,7,5,1,1,10,10,10,,,7,0,10,10,10,,,10,5,10,10,10,,,7,3,10,10,10,,,7,0,7,7,7,7,7,7,7,7,7,,,,,,,6,7,7,4,4,4,4,0,0,0,1,0,0,0,0,,187,28,0,0,0,0,0,1,1,,6,10,6,1,,1,,1,,1,,1,,2,,2,,1,,4,1,63eef216-baf1-8366-fd18-abb10dc45a65
2/16/2023 19:22,2/16/2023 19:27,0,100,333,1,2/16/2023 19:27,R_bvDFoTDvXmTRKmJ,anonymous,EN,1,1,1,1,1,1,3,2,2,2,,3,2,200,300,300,300,,500,400,5,4,4,4,3,3,5,4,2,4,4,6,7,6,5,4,,4,5,5,5,4,4,,4,8,3,3,4,4,,4,4,4,3,4,3,,3,4,6,5,5,6,5,4,4,6,,,4,5,5,5,6,6,5,8,,7,6,4,7,6,6,,8,8,8,8,8,7,,6,7,6,7,7,6,,8,9,5,5,5,5,4,4,4,3,6,5,4,6,,,,4,3,5,5,5,5,6,1,0,0,0,0,0,0,0,,187,40,0,0,0,0,0,1,1,,15,3,14,1,,1,,1,,1,,1,,2,,2,,1,,4,1,63eef24b-69a3-fc8e-7cc1-9064f35953f8
2/16/2023 19:20,2/16/2023 19:28,0,100,459,1,2/16/2023 19:28,R_1EdgShphcCJtQWq,anonymous,EN,1,1,1,1,1,0,3,2,2,4,,1,2,500,250,250,250,,250,500,7,7,7,7,4,5,6,6,4,7,6,7,7,7,6,6,,6,5,9,9,9,9,,9,9,4,4,4,5,,5,5,4,4,5,4,,5,5,7,7,6,7,6,7,7,6,,,7,6,7,7,10,9,10,9,,9,10,10,10,9,9,,8,10,10,10,10,9,,9,8,10,9,9,8,,7,10,7,7,6,6,7,7,6,6,4,7,7,7,,,,7,6,5,7,7,6,5,1,0,0,1,0,0,0,0,,187,37,1,1,0,1,1,0,1,,5,10,4,1,,1,,2,,2,,1,,1,,1,,1,,4,1,63eef1b9-ec7d-5986-4203-5d89d3e66672
2/16/2023 19:20,2/16/2023 19:28,0,100,470,1,2/16/2023 19:28,R_3ExTbVCyZfAFBm4,anonymous,EN,1,1,1,1,1,1,3,1,5,4,,1,0,1400,0,100,500,,0,0,7,1,3,3,5,6,1,5,5,1,5,7,3,1,1,2,,4,4,9,9,9,9,,8,7,5,3,5,5,,3,1,5,3,3,5,,3,1,6,7,4,4,7,7,7,7,,,2,2,1,1,10,8,10,10,,5,1,10,8,10,10,,7,3,9,6,9,8,,5,0,10,8,10,10,,5,2,7,6,5,5,2,1,7,7,5,7,7,7,,,,5,5,5,1,1,1,2,1,0,0,0,0,0,0,0,,187,25,0,0,0,0,0,1,1,,7,11,5,1,,1,,2,,2,,1,,1,,1,,1,,4,1,63eef246-4457-d4fe-fdb0-f9db12217a79
2/16/2023 19:21,2/16/2023 19:28,0,100,413,1,2/16/2023 19:28,R_2w06SexGRH7UXMv,anonymous,EN,1,1,1,1,1,1,3,3,3,2,,2,1,400,400,400,400,,200,200,3,3,6,6,6,6,6,6,6,6,6,7,6,1,1,6,,3,3,9,9,9,9,,9,9,3,1,3,3,,1,1,5,3,5,3,,3,3,7,7,4,7,7,7,5,5,,,3,3,3,3,10,10,10,10,,4,3,10,10,10,10,,10,10,10,10,10,7,,6,6,10,10,10,4,,4,3,7,7,7,6,5,5,7,7,7,5,5,5,,,,5,5,5,5,5,5,2,0,1,0,1,0,0,0,0,,187,38,0,0,0,0,0,1,1,,5,2,5,1,,1,,2,,2,,1,,1,,1,,1,,4,1,63eef2a4-1090-f739-65a2-c1cacae475a1
2/16/2023 19:22,2/16/2023 19:28,0,100,380,1,2/16/2023 19:28,R_2PpplAyL2afPniF,anonymous,EN,1,0,0,0,1,0,4,2,4,,,2,2,500,400,500,,,300,300,4,5,6,4,6,4,4,5,6,4,5,6,6,7,2,,,3,5,9,7,9,,,6,6,4,3,4,,,3,2,5,4,5,,,3,2,7,7,5,6,7,7,,,,,5,6,5,4,10,7,10,,,6,6,10,8,10,,,5,6,10,10,10,,,6,6,10,7,10,,,7,4,5,7,6,6,7,6,5,6,7,,,,,,,5,4,7,4,6,5,6,1,0,0,1,0,0,0,0,,187,40,0,0,0,0,0,1,1,,3,4,16,1,,2,,1,,1,,1,,2,,2,,1,,3,1,63eef29c-cc60-1063-92d7-c40e8a28cbcb
2/16/2023 19:11,2/16/2023 19:29,0,100,1071,1,2/16/2023 19:29,R_3ygyHRYTWtqxqJX,anonymous,EN,1,0,0,0,1,0,0,3,8,,,3,0,0,0,2000,,,0,0,7,4,7,7,7,2,7,7,2,7,7,7,6,2,1,,,1,7,5,9,9,,,9,2,2,4,5,,,3,1,2,4,5,,,4,1,5,5,7,7,7,7,,,,,3,3,1,1,5,10,10,,,5,0,5,10,10,,,5,0,3,10,10,,,5,0,1,10,10,,,5,0,4,4,4,7,7,7,7,7,7,,,,,,,4,4,4,1,1,1,1,1,0,0,0,0,0,0,0,,187,38,0,0,0,0,0,1,1,,16,2,3,1,,1,,2,,2,,1,,1,,1,,1,,4,1,63eeeffc-a7d9-9314-c2e6-843c05c11515
2/16/2023 19:22,2/16/2023 19:29,0,100,404,1,2/16/2023 19:29,R_2AEes0rNAdDc4AF,anonymous,EN,1,1,1,0,1,0,0,10,0,4,,0,0,0,1000,1000,0,,0,0,7,7,7,7,7,7,7,7,7,7,7,7,2,3,1,3,,2,3,9,9,9,9,,9,9,5,5,5,5,,5,5,5,5,5,5,,5,5,7,7,7,7,7,7,7,7,,,7,7,7,7,10,10,10,10,,10,10,10,10,10,10,,10,10,10,10,10,10,,10,10,10,10,10,10,,10,10,7,7,7,7,7,7,7,7,7,7,7,7,,,,7,7,7,7,7,7,1,1,0,0,0,0,0,0,0,,187,42,0,0,1,0,0,0,1,,12,6,12,1,,2,,1,,1,,1,,2,,2,,1,,4,1,63eef2d8-800f-fa43-2737-7f9ed826f63b
2/16/2023 19:26,2/16/2023 19:31,0,100,299,1,2/16/2023 19:31,R_3F53vz7NZJJ9RfS,anonymous,EN,1,0,0,0,1,0,7,0,7,,,0,0,1000,0,1000,,,0,0,7,1,7,7,1,1,7,1,1,7,4,6,4,1,1,,,2,3,9,9,9,,,5,5,5,5,5,,,3,3,5,4,5,,,3,3,7,7,6,5,7,7,,,,,4,4,4,4,10,8,10,,,5,5,10,10,10,,,10,10,10,6,10,,,4,4,10,5,10,,,5,5,7,7,7,7,7,7,7,7,7,,,,,,,4,4,4,4,4,4,4,1,0,0,1,0,0,0,0,,187,29,0,0,0,0,0,1,1,,12,0,10,1,,1,,2,,2,,5,,1,,1,,5,,4,1,63eef3a8-4437-7c00-9417-3280ea336943
2/16/2023 19:20,2/16/2023 19:32,0,100,666,1,2/16/2023 19:32,R_5hUpvizRDuVikb7,anonymous,EN,1,1,1,1,1,1,3,2,5,3,,1,0,400,250,1000,250,,100,0,3,7,5,6,2,5,2,7,5,2,6,6,6,1,1,6,,7,7,9,9,9,9,,6,1,3,5,5,3,,2,1,5,5,5,5,,3,3,5,5,4,4,7,7,4,4,,,3,5,1,1,10,10,10,10,,10,10,10,10,10,10,,10,10,8,8,10,8,,6,1,6,6,10,6,,4,3,6,6,6,5,5,6,7,7,7,5,5,5,,,,4,1,3,1,1,1,6,1,0,0,1,0,0,0,0,,187,28,1,0,0,0,0,0,1,,9,0,6,1,,1,,1,,1,,1,,2,,2,,1,,3,1,63eef272-375d-6571-7781-3c2f494be9fe
2/16/2023 19:24,2/16/2023 19:32,0,100,474,1,2/16/2023 19:32,R_3PNXLUj48gbQ43E,anonymous,EN,1,1,1,1,0,0,4,2,0,4,,4,0,1000,0,0,500,,500,0,7,7,7,7,7,7,7,7,7,7,7,7,5,1,1,5,,5,1,9,2,2,9,,9,1,5,1,2,5,,5,1,5,1,2,5,,5,1,7,7,7,7,7,7,7,7,,,7,7,7,7,7,0,2,9,,7,0,10,1,1,10,,10,0,10,2,1,10,,10,0,10,1,0,10,,10,1,7,7,7,7,7,7,1,3,1,7,7,7,,,,7,7,7,2,1,1,1,1,0,0,0,0,0,0,0,,187,34,0,0,0,0,0,1,1,,4,0,4,4,,1,,2,,2,,1,,1,,1,,1,,4,1,63eef322-7fba-d47b-0537-0832f1f7f210
2/16/2023 19:25,2/16/2023 19:32,0,100,428,1,2/16/2023 19:32,R_3MLpfu4Ktdqcy8B,anonymous,EN,1,0,0,0,1,0,5,0,4,,,5,0,2000,0,0,,,0,0,2,5,5,5,5,5,5,3,5,3,5,6,7,7,2,,,2,2,5,6,8,,,8,5,5,2,5,,,5,1,5,1,5,,,5,1,7,7,1,1,5,5,,,,,7,7,1,1,10,6,7,,,8,3,10,9,10,,,10,10,1,4,2,,,2,1,10,9,10,,,10,10,7,7,7,5,5,5,6,6,6,,,,,,,7,7,7,4,2,3,4,1,0,0,1,0,0,0,0,,7,28,0,1,0,0,0,0,1,,3,0,1,2,,2,,1,,1,,1,,2,,2,,1,,3,1,63eef339-4071-377a-ee26-52a0d686ccc4
2/16/2023 19:25,2/16/2023 19:33,0,100,457,1,2/16/2023 19:33,R_2fwII2D7rrKsUIS,anonymous,EN,1,1,1,1,1,1,3,3,4,2,,2,0,500,500,600,300,,100,0,7,5,7,7,4,5,5,5,1,2,1,6,1,7,1,4,,1,1,9,9,9,9,,9,9,5,5,5,5,,5,5,5,5,5,5,,5,5,7,7,7,7,7,7,6,6,,,6,5,4,4,10,10,10,10,,10,10,10,10,10,9,,9,9,10,10,10,8,,6,5,10,10,10,10,,6,4,7,3,3,7,3,4,7,7,7,7,7,7,,,,7,7,7,4,4,4,5,1,0,0,0,0,0,0,0,,187,27,0,0,0,0,0,1,1,,4,8,3,1,,1,,2,,2,,1,,1,,1,,1,,4,1,63eef391-0743-9842-d73f-6e4090c9d80e
2/16/2023 19:18,2/16/2023 19:33,0,100,921,1,2/16/2023 19:33,R_2e4o3MFKn6GG3Um,anonymous,EN,1,1,1,1,1,1,1,1,5,5,,1,1,100,1000,500,100,,300,0,3,5,2,2,5,5,3,2,5,6,4,5,3,3,5,3,,4,4,1,3,4,4,,6,6,1,3,2,4,,2,3,1,3,3,4,,3,2,4,6,3,5,3,5,3,5,,,1,4,4,3,4,5,7,5,,4,6,4,6,7,6,,3,6,5,6,4,6,,5,8,3,6,6,4,,5,6,6,3,3,3,3,4,2,4,2,2,6,4,,,,2,4,5,3,3,4,4,0,0,0,0,1,0,0,0,,130,22,0,0,0,0,0,1,1,,4,7,5,1,,2,,2,,2,,1,,1,,1,,1,,3,1,63eef11e-1143-6cd7-e69c-58ffe550c767
2/16/2023 19:23,2/16/2023 19:34,0,100,622,1,2/16/2023 19:34,R_2OZ24E5kFkJLVIj,anonymous,EN,1,1,1,1,1,1,2,1,9,1,,1,0,300,300,1000,300,,100,0,5,5,5,4,5,5,5,5,4,5,6,7,3,4,1,3,,1,1,9,9,9,9,,9,7,3,3,3,3,,3,3,4,4,4,4,,3,2,6,7,5,7,7,7,6,7,,,6,7,5,5,6,5,9,5,,5,3,4,8,8,8,,8,8,6,6,6,6,,6,3,10,10,10,9,,5,3,6,6,6,6,6,6,7,7,7,6,6,6,,,,6,6,6,4,4,4,4,1,0,0,0,0,0,0,0,,187,31,0,0,0,0,0,1,1,,7,0,3,1,,1,,2,,2,,1,,1,,1,,1,,3,1,63eef305-6649-8a90-bef9-0579f9333110
2/16/2023 19:29,2/16/2023 19:35,0,100,353,1,2/16/2023 19:35,R_1hGCggucs1J9KVR,anonymous,EN,1,1,1,0,0,0,2,2,2,2,,2,4,100,600,400,100,,300,500,5,4,6,5,5,4,6,6,6,6,6,5,3,4,3,4,,3,4,3,4,6,7,,7,8,5,5,4,4,,5,3,4,4,3,5,,4,4,5,6,7,6,6,6,6,6,,,6,6,6,6,5,7,6,5,,6,7,8,8,7,9,,6,7,9,7,8,8,,8,9,8,9,7,8,,7,8,4,5,6,6,6,5,6,6,7,7,7,6,,,,5,7,4,6,6,6,6,1,0,0,0,0,0,0,0,,187,35,0,0,1,1,0,0,1,,15,6,16,1,,1,,1,,1,,1,,2,,2,,1,,4,1,63eef402-b898-0964-c51f-ff6dd4d098f8
2/16/2023 19:22,2/16/2023 19:35,0,100,781,1,2/16/2023 19:35,R_1dtBDCbr4PtpQWL,anonymous,EN,1,1,1,1,1,1,3,3,3,2,,1,2,100,700,100,300,,400,400,6,3,6,6,6,6,3,6,5,6,2,5,5,3,3,5,,5,5,2,5,7,8,,7,8,3,4,3,2,,3,4,2,4,4,2,,3,3,4,4,4,5,3,7,4,7,,,3,6,5,5,5,4,3,5,,6,5,3,7,6,5,,5,6,4,7,1,4,,5,9,3,7,5,5,,5,5,5,4,7,3,6,4,1,5,5,2,7,5,,,,3,6,6,3,7,5,6,1,0,0,0,0,0,0,0,,187,41,0,0,0,0,0,1,1,,14,5,14,1,,1,,1,,1,,1,,2,,2,,1,,4,1,63eef2ac-e826-12b5-5d5e-1e7d93b10cd6
2/16/2023 19:23,2/16/2023 19:36,0,100,758,1,2/16/2023 19:36,R_d0QAhH6CAHe3aox,anonymous,EN,1,1,1,1,1,1,3,0,6,2,,3,0,500,0,500,500,,500,0,7,2,7,6,5,3,5,5,1,1,6,4,7,3,1,4,,7,2,9,9,9,9,,9,9,1,1,1,1,,1,1,5,1,5,5,,5,3,7,6,1,1,7,7,7,7,,,7,7,4,3,10,0,10,10,,10,8,10,0,10,10,,10,5,2,0,10,10,,10,4,10,0,10,10,,10,5,7,7,7,1,1,1,7,7,7,7,7,7,,,,7,7,7,4,4,4,6,1,0,0,0,0,0,0,0,,188,46,0,0,0,0,0,1,1,,25,6,22,1,,2,,2,,2,,1,,1,,1,,1,,4,1,63eef2c7-33c7-d0f0-997a-8b36fa1c110e
2/16/2023 19:30,2/16/2023 19:36,0,100,343,1,2/16/2023 19:36,R_2trqXmDb1q8WDZB,anonymous,EN,1,0,0,0,1,0,2,1,10,,,1,0,1000,500,500,,,0,0,6,5,4,4,2,5,6,5,5,5,5,7,7,7,1,,,6,7,8,8,9,,,6,7,4,4,5,,,3,3,2,2,2,,,2,2,7,6,4,4,7,7,,,,,4,3,3,2,10,10,10,,,8,4,10,10,10,,,7,7,10,10,10,,,4,2,10,10,10,,,4,2,7,7,7,5,4,5,3,4,4,,,,,,,6,6,6,3,3,3,2,0,0,0,0,1,0,0,0,,14,27,0,0,0,0,0,1,1,,5,4,1,1,,2,,1,,1,,1,,2,,2,,1,,4,1,63eef47a-3c98-5311-b4a0-069de817f0e1
2/16/2023 19:31,2/16/2023 19:36,0,100,271,1,2/16/2023 19:36,R_sUqFZOCef5AxSCt,anonymous,EN,1,1,1,1,1,0,4,0,6,2,,2,0,750,0,1000,250,,0,0,4,5,4,6,5,5,3,5,4,4,5,6,2,1,1,2,,1,1,9,9,9,9,,9,8,2,2,4,2,,3,3,4,1,2,2,,3,3,5,5,3,3,3,4,5,4,,,4,4,3,3,9,8,9,9,,8,7,9,9,9,9,,9,9,9,9,9,6,,9,7,9,8,9,10,,9,9,6,7,7,6,6,6,7,7,7,6,6,5,,,,4,4,4,5,4,3,4,1,0,0,0,0,0,0,0,,187,43,0,0,0,0,0,1,1,,20,2,17,1,,2,,1,,1,,1,,2,,2,,1,,4,1,63eef504-dc61-8c2f-3811-027e002e0450
2/16/2023 19:21,2/16/2023 19:36,0,100,886,1,2/16/2023 19:36,R_V1Et0rEF0RPKcMh,anonymous,EN,1,1,1,1,1,1,3,3,3,3,,2,0,500,500,500,500,,0,0,5,4,6,6,1,1,6,1,1,2,1,7,7,2,1,7,,7,7,9,9,9,9,,9,1,3,2,5,3,,3,1,3,3,5,3,,5,1,7,7,7,7,7,7,7,7,,,7,7,1,1,5,5,5,5,,4,0,10,10,10,10,,10,0,5,5,5,5,,4,0,5,5,5,5,,4,0,7,7,7,7,7,7,7,7,7,7,7,7,,,,7,7,7,1,1,1,5,1,0,0,0,0,0,0,0,,187,46,0,1,0,0,0,0,1,,31,0,29,1,,1,,2,,2,,1,,1,,1,,1,,4,1,63eef259-5ba2-7fc4-8c2d-508415974ae5
2/16/2023 19:20,2/16/2023 19:36,0,100,983,1,2/16/2023 19:36,R_2CBv6N7xh756xuW,anonymous,EN,1,1,1,1,1,1,6,3,3,1,,1,0,700,500,300,200,,200,100,5,5,5,3,2,6,3,5,3,5,1,5,4,2,1,6,,1,2,9,9,9,9,,9,5,4,3,5,2,,4,3,4,2,4,2,,2,1,6,7,5,7,7,7,4,3,,,5,6,2,2,10,10,10,6,,7,5,9,7,8,4,,7,5,10,10,10,5,,7,4,9,9,10,3,,7,5,6,5,5,6,4,3,7,7,7,3,2,3,,,,6,6,6,5,2,3,3,1,0,0,0,0,0,0,0,,187,35,0,0,0,0,0,1,1,,13,6,12,1,,1,,2,,2,,1,,1,,1,,1,,4,1,63eef222-ec02-1a61-d61a-d0064e2c601a
2/16/2023 19:28,2/16/2023 19:36,0,100,481,1,2/16/2023 19:36,R_1yNAvCQh5NBhz6p,anonymous,EN,1,1,1,1,1,1,3,3,3,3,,2,0,500,500,1000,0,,0,0,7,1,7,7,4,4,7,5,3,5,5,7,3,3,1,7,,7,3,9,9,9,9,,9,9,5,5,5,2,,3,3,5,3,5,3,,4,1,7,7,7,7,7,7,5,5,,,7,7,4,3,0,0,0,0,,0,3,10,10,10,10,,10,10,10,10,10,5,,7,0,10,10,10,3,,10,0,7,7,7,7,7,7,7,7,7,7,7,4,,,,7,7,7,1,1,1,2,1,0,0,0,0,0,0,0,,187,32,0,0,0,0,0,1,1,,2,1,2,1,,1,,2,,2,,1,,1,,1,,1,,4,1,63eef3f2-18c2-755d-fbe4-e82fe632b817
2/16/2023 19:27,2/16/2023 19:36,0,100,528,1,2/16/2023 19:36,R_2AHIoinw4rKAcO3,anonymous,EN,1,1,1,1,1,1,5,5,2,2,,0,0,500,500,500,500,,0,0,5,5,2,3,2,2,5,5,2,5,4,3,2,3,1,3,,2,3,9,9,9,9,,9,8,3,3,5,5,,3,2,2,2,5,4,,4,2,5,7,4,4,7,7,4,6,,,7,7,2,2,10,10,10,10,,10,3,10,10,10,10,,10,5,10,10,10,10,,7,5,10,10,10,10,,10,1,6,6,6,6,6,4,7,7,7,6,3,3,,,,6,6,6,2,2,2,5,1,0,0,0,0,0,0,0,,187,40,0,0,0,0,0,1,1,,9,4,5,1,,1,,2,,2,,1,,1,,1,,1,,4,1,63eef3ee-b8c3-d640-67c5-a8bc67525783
2/16/2023 19:27,2/16/2023 19:37,0,100,600,1,2/16/2023 19:37,R_3qHI9KG7WqaT9ZB,anonymous,EN,1,1,1,1,1,1,2,2,4,2,,2,2,400,200,600,400,,200,200,6,5,5,5,5,5,4,5,5,4,5,6,5,5,1,6,,4,5,8,8,9,8,,7,6,4,3,5,4,,3,3,4,4,5,4,,3,3,5,4,5,5,5,6,6,5,,,4,4,4,3,2,5,6,3,,5,5,8,8,9,8,,6,5,8,8,9,7,,7,5,8,7,9,8,,8,7,6,6,5,4,5,5,7,7,6,6,6,4,,,,4,3,5,6,6,5,6,1,0,0,0,0,0,0,0,,187,45,1,0,0,0,0,0,1,,18,5,16,1,,1,,1,,1,,1,,2,,2,,1,,4,1,63eef3b6-6ea6-4e3f-6f7e-ab5d15a87fed
2/16/2023 19:28,2/16/2023 19:37,0,100,525,1,2/16/2023 19:37,R_3qwE2h1ptaIYDRD,anonymous,EN,1,1,1,1,1,1,2,2,2,3,,5,0,1500,200,300,0,,0,0,5,7,7,7,4,4,7,5,4,7,7,7,6,6,6,4,,3,4,9,5,8,9,,9,9,1,3,5,3,,2,1,2,4,5,4,,4,4,7,5,5,6,5,7,7,6,,,7,3,2,3,10,10,10,5,,4,4,8,10,10,5,,2,2,3,6,8,7,,7,6,7,4,6,8,,10,10,7,7,7,7,6,7,7,7,7,3,2,3,,,,1,1,1,1,1,1,2,0,0,0,1,0,0,0,0,,187,31,0,0,1,0,0,0,1,,3,5,2,1,,2,,2,,2,,1,,1,,1,,1,,4,1,63eef38f-6526-06c1-c3e1-d1432538b359
2/16/2023 19:34,2/16/2023 19:37,0,100,181,1,2/16/2023 19:37,R_30pe6grXwqogXCd,anonymous,EN,1,1,1,1,1,0,0,0,14,0,,0,0,0,0,0,0,,2000,0,5,5,5,4,5,4,3,4,4,2,4,3,4,5,5,4,,4,7,4,6,5,5,,6,6,2,5,2,4,,3,3,3,3,3,2,,4,2,5,6,3,6,5,5,4,4,,,3,5,4,3,5,7,6,6,,6,5,7,6,5,4,,8,5,5,4,4,8,,8,2,1,7,7,7,,8,7,5,5,6,4,5,4,4,4,4,4,4,7,,,,5,6,5,6,5,4,5,1,0,0,0,0,0,0,0,,187,38,0,1,0,0,0,0,1,,15,2,12,1,,1,,2,,2,,1,,1,,1,,1,,4,1,63eef57c-bfdb-697b-6e88-74d225adf355
2/16/2023 19:27,2/16/2023 19:38,0,100,664,1,2/16/2023 19:38,R_p9NuW8lMXys0Xuh,anonymous,EN,1,1,1,0,0,0,3,3,4,2,,1,1,500,400,600,300,,100,100,7,7,7,7,1,1,7,1,7,7,7,7,2,2,1,3,,2,2,9,9,9,9,,9,9,4,3,5,4,,4,3,5,3,5,4,,3,3,7,7,5,5,7,7,7,7,,,6,3,5,4,10,8,10,8,,8,8,10,10,10,8,,10,10,10,10,8,8,,7,6,10,7,10,8,,8,7,7,7,7,5,5,5,7,7,7,7,5,6,,,,4,5,5,4,5,5,1,0,1,0,0,0,0,0,0,,187,36,0,0,1,0,0,0,1,,6,3,3,1,,1,,2,,2,,1,,1,,1,,1,,4,1,63eef3cc-a08e-2f4d-52a9-94710983953b
2/16/2023 19:25,2/16/2023 19:38,0,100,807,1,2/16/2023 19:38,R_2xGljJ9yAAi5U4c,anonymous,EN,1,1,0,1,1,0,1,0,10,0,,3,0,500,0,1000,0,,500,0,6,6,5,5,5,6,5,5,5,5,6,7,4,7,1,4,,3,3,9,9,9,8,,7,6,3,1,5,2,,3,1,4,1,5,1,,3,1,4,5,1,1,7,7,1,1,,,5,5,1,1,10,10,5,8,,9,4,6,8,9,5,,10,3,5,5,9,6,,4,2,4,4,9,7,,4,1,5,5,5,4,3,3,7,7,6,3,4,3,,,,5,5,7,3,1,1,2,1,0,0,0,0,0,0,0,,187,28,0,0,0,0,1,0,1,,2,6,1,1,,2,,2,,2,,2,,2,,2,,2,,4,1,63eef36b-4914-8019-815e-fdb9370e1041
2/16/2023 19:27,2/16/2023 19:38,0,100,655,1,2/16/2023 19:38,R_11jcFG7SF3iwD6Q,anonymous,EN,1,1,1,1,1,1,3,1,5,3,,1,1,300,300,1000,300,,100,0,6,6,5,4,3,4,6,6,4,6,6,6,6,6,1,6,,2,3,9,8,9,9,,8,7,2,2,4,2,,3,3,3,1,3,3,,3,1,3,2,2,2,2,3,4,3,,,3,3,1,1,9,6,6,7,,6,1,9,8,7,9,,9,7,8,6,7,8,,6,1,5,5,5,5,,5,5,6,5,5,5,2,2,2,2,2,6,6,6,,,,6,3,5,4,1,2,6,1,0,0,0,0,0,0,0,,187,40,0,0,0,0,0,1,1,,18,6,13,1,,1,,1,,1,,1,,2,,2,,1,,4,1,63eef3de-f4f2-2e2b-4599-a54c140ad3a2
2/16/2023 19:17,2/16/2023 19:39,0,100,1294,1,2/16/2023 19:39,R_RDAMOOUlfxKIItH,anonymous,EN,1,1,1,1,1,1,3,3,3,2,,2,1,500,300,500,300,,200,200,5,5,5,5,5,5,5,5,5,5,5,5,6,7,1,6,,6,7,9,8,9,9,,8,6,4,3,5,3,,2,2,5,3,5,3,,2,2,7,7,5,5,7,7,6,6,,,4,4,3,3,7,5,9,6,,5,3,10,10,10,10,,10,10,10,8,10,8,,7,6,9,7,10,7,,6,5,6,6,6,5,5,5,7,7,7,6,6,6,,,,5,5,5,4,4,4,3,0,0,0,0,1,0,0,0,,172,33,0,0,0,0,0,1,1,,5,2,5,1,,1,,2,,2,,1,,1,,1,,1,,4,1,63eef179-da67-90b7-7a00-77bdecfd1a55
2/16/2023 19:33,2/16/2023 19:40,0,100,429,1,2/16/2023 19:40,R_3fkILn1r9OO6R9I,anonymous,EN,1,1,1,1,1,1,4,1,5,4,,0,0,500,500,500,500,,0,0,6,5,5,6,5,6,6,5,6,5,6,5,6,5,6,6,,1,1,9,6,9,9,,1,1,5,3,4,5,,1,1,5,4,5,5,,1,1,6,7,7,7,7,7,7,7,,,5,5,5,5,10,8,10,10,,0,0,10,8,10,10,,0,0,10,8,10,10,,0,0,10,7,10,10,,1,0,7,7,6,6,6,7,7,5,6,7,6,5,,,,1,1,1,1,1,1,3,1,0,0,0,0,0,0,0,,187,22,0,0,0,0,0,1,1,,2,6,2,1,,1,,2,,2,,1,,1,,1,,1,,4,1,63eef54b-eb2d-f380-a61a-9aa2e77f7d39
2/16/2023 19:25,2/16/2023 19:40,0,100,913,1,2/16/2023 19:40,R_1JLx9dILlsbXATN,anonymous,EN,1,0,0,0,1,0,3,3,5,,,2,1,500,400,600,,,300,200,7,7,5,5,6,6,4,6,6,6,6,7,5,4,3,,,4,3,9,9,9,,,9,8,4,4,5,,,4,3,4,4,5,,,4,3,7,7,6,6,7,7,,,,,6,6,4,4,10,10,10,,,10,8,10,10,10,,,10,8,10,10,9,,,10,8,10,10,10,,,10,8,7,7,7,6,6,6,7,7,7,,,,,,,6,6,6,4,4,4,6,1,0,0,0,0,0,0,0,,187,35,0,0,0,0,0,1,1,,14,2,14,1,,1,,1,,1,,1,,2,,2,,1,,4,1,63eef337-e619-e8f4-7fea-a729faf1e554
2/16/2023 19:31,2/16/2023 19:40,0,100,552,1,2/16/2023 19:40,R_6Jzzlpy1HCEzWMh,anonymous,EN,1,1,1,1,1,0,4,4,3,2,,1,0,400,400,400,400,,400,0,6,3,6,1,2,6,5,4,6,7,6,7,5,1,1,3,,1,1,9,5,9,9,,9,4,3,2,5,5,,5,3,3,3,4,3,,3,3,5,5,5,4,4,4,5,4,,,4,4,4,3,4,6,7,7,,7,7,6,7,7,8,,8,8,8,9,7,9,,8,6,8,8,8,5,,6,1,5,4,5,4,5,6,4,4,6,5,4,6,,,,5,7,7,2,3,1,5,1,0,0,0,0,0,0,0,,187,44,1,0,0,0,1,0,1,,20,0,16,1,,1,,1,,1,,1,,2,,2,,1,,3,1,63eef4c3-b9be-8dfa-9e97-6653dd1976c5
2/16/2023 19:27,2/16/2023 19:40,0,100,801,1,2/16/2023 19:40,R_3M0w8QL60uxhaqF,anonymous,EN,1,0,0,0,1,0,4,3,4,,,2,1,500,500,500,,,300,200,7,7,5,6,6,6,6,7,5,3,7,7,4,4,3,,,3,3,9,9,9,,,9,8,4,4,5,,,4,2,4,3,5,,,4,3,7,7,5,6,7,7,,,,,6,5,4,5,9,8,10,,,8,8,10,10,10,,,10,10,10,10,10,,,10,8,10,10,10,,,8,7,7,7,7,6,6,6,7,7,7,,,,,,,6,6,6,6,5,5,6,1,0,0,0,0,0,0,0,,187,37,0,0,0,0,0,1,1,,20,5,17,1,,1,,2,,2,,1,,1,,1,,1,,4,1,63eef37d-3838-8100-3616-753ee477fe56
2/16/2023 19:34,2/16/2023 19:40,0,100,361,1,2/16/2023 19:40,R_C1E97CSb3QWWMdb,anonymous,EN,1,0,0,0,1,0,0,4,8,,,2,0,0,100,1700,,,200,0,4,5,7,4,3,6,6,4,6,5,6,7,2,3,1,,,4,3,9,8,9,,,8,7,4,4,5,,,3,2,3,3,5,,,4,3,4,4,5,6,6,7,,,,,3,4,1,3,5,4,5,,,3,1,5,3,4,,,4,1,3,4,8,,,3,0,3,5,7,,,4,0,3,3,5,6,5,5,7,4,7,,,,,,,7,4,3,1,1,1,3,1,0,0,0,0,0,0,0,,187,28,0,0,0,0,0,1,1,,7,2,2,1,,2,,1,,1,,1,,2,,2,,1,,3,1,63eef5af-2061-1760-b2a7-21347740480c
2/16/2023 19:33,2/16/2023 19:41,0,100,506,1,2/16/2023 19:41,R_27PD8atQ4Jj4yhS,anonymous,EN,1,1,1,1,1,1,2,2,7,2,,1,0,400,100,1000,250,,250,0,6,3,3,3,5,3,6,4,5,4,5,3,2,2,1,6,,2,3,9,9,5,9,,9,7,3,3,5,3,,3,3,5,5,5,5,,5,3,5,5,4,4,6,7,5,5,,,4,5,2,2,6,6,10,6,,6,2,6,6,10,4,,4,2,8,8,10,5,,5,4,6,6,10,4,,4,3,5,5,5,5,5,5,5,5,5,5,5,5,,,,5,5,5,5,5,5,4,1,0,0,0,0,0,0,0,,187,24,0,0,0,0,0,1,1,,5,0,1,1,,2,,2,,2,,4,,1,,1,,1,,3,1,63eef516-1a7c-d3fb-8252-17363d631967
2/16/2023 19:27,2/16/2023 19:41,0,100,824,1,2/16/2023 19:41,R_bwPdC88UjH8D8bf,anonymous,EN,1,1,1,0,1,1,3,3,3,3,,2,0,400,400,400,400,,400,0,7,3,5,6,5,6,6,6,4,5,4,6,5,5,1,1,,2,2,9,9,9,9,,9,6,5,5,5,5,,3,2,4,4,4,4,,4,3,7,7,6,6,7,7,6,6,,,5,4,3,3,10,10,10,10,,8,6,10,10,10,10,,10,8,10,10,10,10,,10,6,10,10,10,9,,10,9,7,7,7,6,6,6,7,7,7,7,7,7,,,,7,7,7,5,4,4,6,1,0,0,0,0,0,0,0,,187,31,0,0,1,0,0,0,1,,9,3,8,1,,1,,1,,1,,1,,2,,2,,1,,4,1,63eef3c7-2d3b-8e85-1f08-602f57602cf0
2/16/2023 19:32,2/16/2023 19:42,0,100,558,1,2/16/2023 19:42,R_0C9YLpDehRZcAZr,anonymous,EN,1,0,0,0,1,0,3,3,4,,,2,2,500,200,800,,,250,250,7,7,7,6,6,7,7,7,7,7,7,6,7,5,1,,,2,2,9,9,9,,,9,9,5,3,5,,,3,3,5,3,5,,,3,3,7,7,7,4,7,7,,,,,3,5,4,5,10,10,10,,,10,10,10,10,10,,,10,10,10,10,10,,,10,10,10,10,10,,,10,10,7,7,7,7,7,7,7,7,7,,,,,,,7,7,7,7,7,7,5,0,1,0,0,0,0,0,0,,187,33,0,0,0,0,0,1,1,,11,8,8,1,,1,,1,,1,,1,,2,,2,,1,,4,1,63eef509-1e31-7e88-e718-92fd66d386e2
2/16/2023 19:32,2/16/2023 19:42,0,100,588,1,2/16/2023 19:42,R_1mmgw7GoDd3DoE3,anonymous,EN,1,0,0,1,1,0,4,3,4,,,2,1,600,400,400,,,300,300,7,7,7,7,7,7,7,7,7,7,7,7,2,5,4,,,3,2,3,9,9,,,9,9,3,2,5,,,3,4,2,2,4,,,3,3,7,7,7,7,7,7,,,,,7,7,7,7,10,10,10,,,10,10,9,10,10,,,9,10,9,10,10,,,10,10,10,10,9,,,10,10,7,7,7,7,7,7,7,7,6,,,,,,,7,7,7,7,7,7,6,1,0,0,0,0,0,0,0,,187,40,0,0,0,0,0,1,1,,24,5,20,1,,1,,1,,1,,1,,2,,2,,1,,4,1,63eef3eb-d55c-c83c-e36f-f04bb9a60279
2/16/2023 19:24,2/16/2023 19:42,0,100,1085,1,2/16/2023 19:42,R_2aWcKpkDKYxs0ev,anonymous,EN,1,0,0,0,1,0,0,6,8,,,0,0,500,500,1000,,,0,0,6,5,7,6,6,4,5,6,3,6,4,5,4,3,6,,,4,4,5,5,8,,,5,5,3,2,5,,,3,3,3,3,5,,,3,3,7,6,5,5,6,6,,,,,4,4,4,4,9,9,10,,,6,6,9,9,10,,,7,6,8,9,10,,,6,6,9,9,10,,,7,7,6,6,6,6,6,6,7,5,6,,,,,,,6,6,6,6,6,6,2,0,0,0,0,1,0,0,0,,192,42,0,0,0,0,1,0,1,,17,6,17,1,,2,,1,,1,,1,,2,,2,,1,,4,1,63eef300-d0cf-d330-5f46-138353a14745
2/16/2023 19:34,2/16/2023 19:42,0,100,503,1,2/16/2023 19:42,R_1LvQdoLdc9KTVR2,anonymous,EN,1,1,1,1,1,1,4,2,3,2,,2,1,250,300,600,500,,175,175,6,7,7,7,3,3,6,2,1,6,7,7,4,1,1,3,,1,1,9,9,9,9,,9,8,4,5,5,4,,5,3,5,5,5,5,,5,3,7,7,6,6,6,6,6,7,,,6,6,5,5,10,9,10,8,,8,6,10,9,9,10,,10,6,10,10,10,9,,9,6,10,10,10,9,,9,6,7,7,7,7,6,6,7,7,7,6,6,6,,,,6,7,6,4,5,5,5,1,0,0,1,0,0,0,0,,187,36,0,0,0,0,0,1,1,,9,11,8,1,,1,,2,,2,,1,,1,,1,,1,,4,1,63eef58c-ce41-e659-7522-ad35c7cf4450
2/16/2023 19:37,2/16/2023 19:43,0,100,413,1,2/16/2023 19:43,R_3NxFhKbVPPbnGP7,anonymous,EN,1,1,1,1,1,1,2,2,6,2,,2,0,500,0,1000,500,,0,0,5,3,6,6,3,3,6,2,2,5,6,6,3,1,1,3,,4,2,9,9,9,9,,9,8,3,3,5,4,,3,3,3,2,4,4,,4,3,4,5,4,4,6,7,6,7,,,5,7,4,2,7,7,10,10,,10,4,6,6,9,9,,9,5,7,7,10,10,,9,3,6,6,10,10,,7,2,5,5,3,5,5,5,7,7,7,7,7,7,,,,7,7,7,3,3,2,4,1,0,0,0,0,0,0,0,,187,28,0,0,0,0,0,1,1,,3,7,1,1,,1,,2,,2,,1,,1,,1,,1,,4,1,63eef624-2f06-0055-729a-f9359aff4010
2/16/2023 19:35,2/16/2023 19:44,0,100,504,1,2/16/2023 19:44,R_8iaWLDrBF0yB8Up,anonymous,EN,1,0,0,0,1,0,2,1,5,,,2,4,200,50,1000,,,500,250,7,7,7,6,7,7,7,6,7,7,7,7,5,4,4,,,4,5,9,9,9,,,9,9,4,4,5,,,4,4,4,4,5,,,3,4,7,6,6,7,6,7,,,,,6,6,6,6,7,7,8,,,5,7,6,8,9,,,9,8,9,10,10,,,10,8,8,9,9,,,10,8,7,7,7,7,7,7,6,7,7,,,,,,,7,7,7,7,7,7,6,0,1,0,0,0,0,0,0,,187,44,0,0,0,0,0,1,1,,14,1,23,1,,1,,1,,1,,1,,2,,2,,1,,4,1,63eef590-f641-c842-2a91-5626c4661c0b
2/16/2023 19:37,2/16/2023 19:44,0,100,408,1,2/16/2023 19:44,R_1qVCJqokPdv7MjP,anonymous,EN,1,0,0,0,1,0,4,3,1,,,4,2,500,100,350,,,550,500,4,3,3,3,3,3,2,7,3,5,7,3,4,3,2,,,4,3,2,4,6,,,7,2,2,3,3,,,1,1,1,3,2,,,1,3,6,6,5,4,3,2,,,,,2,2,1,5,8,6,7,,,5,5,2,3,5,,,5,5,4,2,6,,,6,5,2,6,3,,,2,4,5,3,4,1,4,3,2,5,5,,,,,,,1,2,1,3,6,4,5,1,0,0,0,0,0,0,0,,7,40,1,0,1,0,0,0,1,,5,8,5,1,,1,,2,,2,,1,,1,,1,,1,,3,1,63eef613-564f-2fe5-812b-54e7233d3b0a
2/16/2023 19:39,2/16/2023 19:45,0,100,316,1,2/16/2023 19:45,R_pJZcClHfvWkjsXv,anonymous,EN,1,0,0,0,1,0,5,3,3,,,3,0,500,500,500,,,500,0,7,6,1,7,7,7,7,7,7,7,6,7,7,7,7,,,7,3,1,9,9,,,9,1,5,5,5,,,5,5,5,5,5,,,4,5,7,7,7,7,7,7,,,,,7,7,7,6,10,10,10,,,10,10,10,10,10,,,10,10,10,10,10,,,10,10,10,10,10,,,10,10,7,7,7,7,7,7,7,7,7,,,,,,,6,7,7,6,7,7,2,1,0,0,0,0,0,0,0,,187,31,0,0,0,0,0,1,1,,9,0,4,1,,1,,2,,2,,1,,1,,1,,1,,4,1,63eef6d7-a62c-538e-9e77-a7691c1225e7
2/16/2023 19:36,2/16/2023 19:45,0,100,543,1,2/16/2023 19:45,R_22P9Fn9bLxr5YVU,anonymous,EN,1,0,1,1,1,1,3,3,3,,3,2,0,400,400,400,,400,400,0,7,7,7,7,7,7,7,7,7,7,7,7,1,4,2,,1,1,1,9,9,9,,9,9,1,5,5,5,,2,2,1,2,2,3,,2,2,1,7,7,7,7,7,7,,,7,7,7,7,7,7,10,10,10,,10,10,10,10,10,10,,10,10,10,10,10,7,,9,9,9,10,10,10,,10,10,10,7,7,7,7,7,7,7,7,7,,,,7,7,7,7,7,7,7,7,7,1,1,0,0,0,0,0,0,0,,187,40,0,0,0,0,0,1,1,,4,0,3,1,,2,,1,,1,,1,,2,,2,,1,,4,1,63eef5dc-25ab-9138-d050-5fb32847a90d
2/16/2023 19:38,2/16/2023 19:45,0,100,389,1,2/16/2023 19:45,R_24Hqn0YMIIR8WmS,anonymous,EN,1,1,1,0,1,0,3,3,3,2,,2,1,200,150,600,400,,300,350,6,4,7,6,6,6,6,3,3,6,6,6,3,3,1,3,,4,5,7,7,9,9,,9,8,4,4,5,3,,2,1,3,4,5,3,,4,3,6,6,6,6,6,6,5,5,,,5,6,5,6,8,9,7,9,,9,9,9,9,7,7,,9,8,9,8,7,7,,9,8,9,8,9,8,,8,8,6,6,6,7,6,5,6,6,5,5,6,7,,,,6,6,7,5,5,6,6,1,0,0,0,0,0,0,0,,187,40,0,0,0,0,0,1,1,,14,2,9,1,,1,,1,,1,,1,,2,,3,,1,,4,1,63eef684-3c01-709b-1a41-b9e984aca91e
2/16/2023 19:35,2/16/2023 19:45,0,100,575,1,2/16/2023 19:45,R_31FdWiqtpXlnqS1,anonymous,EN,1,1,1,1,1,1,2,3,3,3,,2,1,500,200,500,500,,200,100,7,5,2,2,3,3,4,5,1,3,4,7,7,7,1,7,,7,7,9,9,9,7,,2,2,5,1,5,5,,3,1,5,1,5,5,,2,1,7,6,4,1,5,7,7,6,,,6,1,1,1,9,0,10,10,,4,0,10,6,10,10,,10,3,10,4,10,10,,3,1,5,1,10,5,,0,0,7,5,4,5,3,2,7,7,7,7,7,7,,,,5,5,5,1,1,1,5,0,1,0,0,0,0,0,0,,110,35,0,0,0,0,0,1,1,,10,3,8,1,,1,,2,,2,,2,,1,,1,,1,,4,1,63eef5a9-9da1-0b3a-33eb-a1f8b82157d6
2/16/2023 19:34,2/16/2023 19:46,0,100,715,1,2/16/2023 19:46,R_2rimq4yVwpJMbGa,anonymous,EN,1,1,1,1,1,0,5,0,5,2,,2,0,750,0,750,250,,250,0,5,3,4,6,3,5,7,1,1,7,4,7,7,6,1,7,,2,3,9,9,9,8,,8,8,5,3,5,3,,2,2,5,5,5,2,,2,2,7,7,7,7,7,7,6,4,,,7,4,6,4,10,10,10,6,,5,4,10,10,10,6,,6,6,10,10,10,6,,3,4,7,6,5,5,,3,1,7,7,7,7,7,7,7,7,7,6,6,4,,,,7,7,5,6,6,4,4,0,0,0,1,0,0,0,0,,187,25,0,0,0,0,0,1,1,,5,7,3,1,,1,,2,,2,,1,,1,,1,,1,,4,1,63eef578-904b-2d93-942b-8c67434cc233
2/16/2023 19:37,2/16/2023 19:46,0,100,524,1,2/16/2023 19:46,R_31mYF3lFl6T1TuD,anonymous,EN,1,0,0,0,1,0,2,4,5,,,3,0,500,500,500,,,500,0,7,7,7,7,7,7,7,7,7,7,7,7,3,4,4,,,5,6,9,9,9,,,9,9,5,5,5,,,5,5,5,5,5,,,5,5,7,7,7,7,7,7,,,,,7,7,7,7,10,10,10,,,10,10,10,10,10,,,10,10,10,10,10,,,10,10,10,10,10,,,10,10,7,7,7,7,7,7,7,7,7,,,,,,,7,7,7,7,7,7,6,1,0,0,0,0,0,0,0,,187,35,0,0,1,0,0,0,1,,23,3,20,1,,1,,1,,1,,1,,2,,2,,1,,4,1,63eef632-9ff6-bcf1-0da0-517fc31a9e2b
2/16/2023 19:43,2/16/2023 19:46,0,100,237,1,2/16/2023 19:46,R_20ZP10C6Lcb8aEv,anonymous,EN,1,1,0,0,0,0,2,1,1,1,,1,8,2000,0,0,0,,0,0,4,2,4,2,5,5,2,5,5,3,3,5,4,2,4,3,,5,3,7,5,3,8,,5,6,4,3,3,3,,2,2,4,3,3,4,,2,2,5,3,5,5,4,6,4,5,,,4,4,5,5,7,5,7,8,,3,7,3,8,3,7,,7,5,7,8,4,6,,5,8,5,8,4,7,,7,5,5,5,4,2,5,6,4,4,6,4,5,3,,,,5,4,3,1,6,5,5,0,0,0,0,1,0,0,0,,187,40,0,0,1,0,0,0,1,,2,4,11,1,,1,,1,,1,,1,,2,,2,,1,,2,1,63eef780-2e20-1625-d873-f87d552763d8
2/16/2023 19:33,2/16/2023 19:47,0,100,816,1,2/16/2023 19:47,R_3kv8O7y3pR69NHf,anonymous,EN,1,1,1,1,1,1,6,6,1,1,,0,0,500,500,500,500,,0,0,5,5,6,5,3,4,6,5,4,6,6,6,1,2,1,2,,2,2,9,9,9,9,,5,5,2,4,5,3,,1,1,1,2,5,2,,1,1,3,5,5,4,7,7,5,5,,,4,4,4,4,10,10,10,8,,4,3,10,10,10,10,,4,5,5,5,7,5,,6,6,5,5,6,5,,2,3,4,4,3,5,5,5,7,7,7,5,5,5,,,,4,4,4,4,4,4,3,1,0,0,0,0,0,0,0,,187,32,0,0,0,0,0,1,1,,17,0,15,1,,1,,2,,2,,1,,1,,1,,1,,3,1,63eef526-b5bb-f643-0dd6-f205f4cf73e1
2/16/2023 19:38,2/16/2023 19:47,0,100,568,1,2/16/2023 19:47,R_OJXuwLPNkPCWUwN,anonymous,EN,1,1,1,0,1,0,2,2,4,2,,2,2,350,350,500,300,,200,300,5,5,5,5,5,5,5,5,5,5,5,5,3,3,3,2,,3,3,6,7,8,7,,7,7,4,4,4,4,,4,4,4,4,4,4,,4,4,6,6,6,6,6,6,6,6,,,6,6,6,6,9,8,8,9,,8,8,9,8,9,9,,9,8,9,9,8,9,,9,9,9,8,9,9,,8,9,5,5,5,5,5,5,5,5,5,5,5,5,,,,5,5,5,5,5,5,4,0,1,0,0,0,0,0,0,,187,35,0,0,0,0,0,1,1,,3,4,10,1,,1,,1,,1,,1,,2,,2,,1,,4,1,63eef648-6d20-b6ea-d1f2-811749ffd72f
2/16/2023 19:38,2/16/2023 19:47,0,100,595,1,2/16/2023 19:47,R_1q23aDSdyTWqHn5,anonymous,EN,1,1,1,1,1,1,3,1,4,4,,2,0,1000,50,500,400,,50,0,6,2,6,6,4,4,6,6,5,6,6,7,7,7,1,7,,2,1,9,9,9,9,,9,6,4,4,1,5,,1,1,5,3,3,5,,4,1,7,6,5,3,7,7,7,7,,,7,4,1,1,10,5,10,10,,8,2,10,5,10,10,,9,3,8,4,10,9,,6,0,10,4,10,10,,6,0,7,7,7,5,5,6,7,6,6,7,7,7,,,,6,6,6,1,1,4,3,1,0,0,0,0,0,0,0,,187,25,0,0,0,0,0,1,1,,10,0,5,1,,1,,2,,2,,1,,1,,1,,1,,4,1,63eef672-8fb5-e1c1-1ca8-c9bfb7f2104a
2/16/2023 19:31,2/16/2023 19:48,0,100,1019,1,2/16/2023 19:48,R_3j2R902f0yUbGvK,anonymous,EN,1,1,1,1,1,1,2,2,2,2,,2,4,200,200,200,200,,400,800,5,5,5,5,5,5,5,5,5,5,5,5,3,3,2,4,,2,3,7,7,9,7,,7,7,3,4,4,3,,5,4,3,5,4,5,,4,4,6,5,4,6,5,5,5,4,,,6,5,5,5,7,5,7,7,,7,8,7,9,9,8,,7,7,7,7,7,7,,8,7,7,8,8,8,,8,8,5,5,6,5,6,5,5,5,5,5,6,5,,,,5,6,5,5,6,6,4,0,1,0,0,0,0,0,0,,187,35,0,0,0,0,0,1,1,,15,4,13,1,,1,,1,,1,,1,,2,,2,,1,,4,1,63eef492-b891-8fee-e3fd-2e32d1b573f8
2/16/2023 19:39,2/16/2023 19:49,0,100,618,1,2/16/2023 19:49,R_pyHC5uNUJDhmDcZ,anonymous,EN,1,1,1,0,0,0,5,4,1,2,,1,1,800,250,500,150,,150,150,4,5,6,5,4,2,4,5,6,4,3,5,4,6,2,3,,3,3,2,6,7,3,,3,4,1,1,2,2,,3,2,2,2,3,5,,4,4,4,3,3,3,4,4,3,5,,,5,6,7,7,6,7,4,8,,8,6,3,3,7,3,,6,7,3,5,7,9,,9,8,8,7,7,4,,8,9,3,6,7,6,5,5,3,6,3,3,5,4,,,,3,5,5,3,4,5,2,0,0,0,0,0,1,0,1,,112,42,1,0,1,0,0,0,4,,21,10,31,4,,1,,2,,2,,1,,1,,1,,1,,3,1,63eef5a2-23c2-1437-ac9f-430ad46a1c35
2/16/2023 19:41,2/16/2023 19:49,0,100,503,1,2/16/2023 19:49,R_1DMfaslxqaCTMhT,anonymous,EN,1,1,1,1,1,1,6,4,1,3,,0,0,1000,250,250,500,,0,0,7,3,6,6,7,5,7,6,5,7,6,7,1,1,1,1,,2,2,9,9,9,9,,6,4,5,5,5,5,,3,2,5,5,5,5,,4,3,7,7,7,6,7,7,7,7,,,4,4,4,3,10,9,10,10,,5,3,10,10,10,10,,3,2,10,10,10,10,,3,1,10,10,10,10,,2,0,7,7,7,7,6,6,7,7,7,7,7,7,,,,6,6,5,6,5,4,6,1,0,0,0,0,0,0,0,,187,31,0,0,0,0,0,1,1,,4,6,1,1,,1,,2,,2,,1,,1,,1,,1,,4,1,63eef70d-f5ed-14df-a66b-4ce4166411f1
2/16/2023 19:21,2/16/2023 19:49,0,100,1688,1,2/16/2023 19:49,R_3lY5XAAqgu2CgK2,anonymous,EN,1,1,1,1,1,1,4,3,1,3,,3,0,500,0,1000,500,,0,0,3,7,2,3,5,7,6,7,6,5,1,7,1,6,1,2,,1,2,9,9,9,9,,9,7,5,2,5,5,,4,2,5,2,5,4,,3,1,7,7,5,5,6,7,7,7,,,6,5,2,2,10,7,10,10,,9,4,10,10,10,10,,10,10,10,5,10,10,,6,1,10,8,10,10,,9,0,7,7,7,5,2,3,6,2,2,7,7,7,,,,7,7,6,4,2,2,4,1,0,0,0,0,0,0,0,,187,39,0,0,0,0,0,1,1,,16,6,15,1,,1,,2,,2,,1,,1,,1,,1,,4,1,63eef1f7-171b-7e02-cbf8-131e51859155
2/16/2023 19:39,2/16/2023 19:49,0,100,600,1,2/16/2023 19:49,R_3qkxBk9nKxysZeL,anonymous,EN,1,1,1,1,1,1,2,0,7,5,,0,0,0,0,2000,0,,0,0,3,5,5,4,5,3,2,5,3,3,4,5,7,7,1,5,,1,1,9,9,9,9,,9,8,4,4,5,4,,5,3,3,2,5,4,,5,2,6,5,4,3,7,7,5,6,,,7,7,4,4,9,8,10,10,,7,0,8,8,10,9,,10,7,10,10,10,8,,7,5,7,6,10,9,,8,5,5,5,5,5,2,2,6,3,3,6,5,7,,,,7,7,7,2,2,3,3,1,0,0,0,0,0,0,0,,187,41,0,0,0,0,0,1,1,,9,8,9,1,,1,,2,,2,,1,,1,,1,,1,,4,1,63eef6c8-31e9-d628-7ab1-fd5a659a6aa4
2/16/2023 19:37,2/16/2023 19:49,0,100,721,1,2/16/2023 19:49,R_3M6vPxbFCZVTihW,anonymous,EN,1,1,1,1,1,1,3,3,3,3,,2,0,1000,0,400,500,,100,0,6,4,6,5,2,4,4,2,3,2,4,6,7,7,1,7,,7,1,9,9,9,9,,9,5,2,2,4,2,,2,1,2,2,3,2,,2,1,6,5,3,1,5,4,4,4,,,3,2,1,1,10,4,7,8,,6,2,10,10,10,10,,10,10,7,2,6,5,,2,0,7,2,5,3,,0,0,7,6,7,3,1,4,6,6,5,7,7,7,,,,6,6,4,1,1,1,3,0,0,0,1,0,0,0,0,,111,40,0,0,0,0,0,1,1,,5,2,15,1,,1,,2,,2,,1,,1,,1,,1,,4,1,63eef63a-8ad0-b135-8906-7ce0a1b1b88a
2/16/2023 19:39,2/16/2023 19:50,0,100,655,1,2/16/2023 19:50,R_3EA9vdArR9HFWv3,anonymous,EN,1,0,0,0,1,0,5,4,5,,,0,0,0,0,2000,,,0,0,3,5,6,2,3,4,3,2,5,5,2,3,7,7,1,,,1,1,9,9,9,,,9,9,2,2,5,,,4,3,2,2,5,,,3,1,1,3,4,4,6,6,,,,,4,4,1,1,4,5,5,,,5,3,3,3,7,,,5,2,5,5,10,,,4,2,3,3,10,,,5,2,2,2,1,4,4,4,6,5,5,,,,,,,2,2,2,1,1,1,5,1,0,0,0,0,0,0,0,,187,40,0,0,0,0,0,1,1,,21,6,15,1,,1,,1,,1,,1,,2,,2,,1,,4,1,63eef6a8-9058-1416-e20b-570fccb1e69a
2/16/2023 19:41,2/16/2023 19:50,0,100,569,1,2/16/2023 19:50,R_3PHwxNXqDMGphXC,anonymous,EN,1,1,0,0,1,1,0,2,7,0,,5,0,0,0,1500,0,,500,0,6,5,5,6,5,5,6,5,5,5,5,5,5,1,1,6,,1,6,1,8,9,1,,9,5,1,4,5,1,,4,1,1,3,5,1,,5,2,1,1,5,5,7,7,1,1,,,4,5,1,1,0,8,10,0,,6,0,0,7,10,0,,1,4,0,9,10,0,,8,0,0,8,10,0,,8,1,1,1,1,5,6,5,7,7,7,1,1,1,,,,6,6,6,1,1,1,5,1,0,0,0,0,0,0,0,,187,39,0,0,0,0,0,1,1,,24,4,24,1,,1,,2,,2,,1,,1,,1,,1,,3,1,63eef6f0-e8bb-63f8-6454-9dc71326cd52
2/16/2023 19:39,2/16/2023 19:50,0,100,668,1,2/16/2023 19:50,R_2X7qLMGSpmU00PQ,anonymous,EN,1,1,0,0,0,0,0,1,4,2,,7,0,500,300,500,200,,300,200,2,2,3,2,3,5,4,2,5,1,3,1,5,4,4,1,,3,7,4,5,1,3,,4,1,3,2,1,1,,1,1,2,1,1,1,,4,3,4,4,5,5,3,5,3,6,,,4,7,6,5,10,10,10,10,,10,10,10,10,10,5,,5,6,4,8,6,5,,1,5,8,8,8,6,,9,0,4,4,4,4,4,4,4,4,4,4,4,4,,,,4,5,4,4,4,4,2,1,0,0,0,0,0,0,0,,187,39,0,0,1,0,0,0,1,,8,3,1,1,,2,,1,,1,,1,,2,,2,,1,,3,1,63eef66a-4d60-807b-7aee-5677f6f1d8cf
2/16/2023 19:41,2/16/2023 19:50,0,100,541,1,2/16/2023 19:50,R_2Y33XuHhcU0zU9N,anonymous,EN,1,1,1,1,1,1,4,4,3,1,,1,1,600,600,500,200,,100,0,6,6,6,6,6,6,6,6,6,6,6,6,4,5,5,4,,4,1,9,9,8,8,,8,8,5,5,4,4,,5,5,5,5,5,5,,5,5,7,7,7,7,7,7,7,7,,,7,7,7,6,8,8,9,9,,9,9,6,8,9,9,,9,9,8,8,9,9,,9,8,8,8,9,8,,8,8,6,6,6,6,6,6,6,6,6,7,6,6,,,,5,6,6,6,6,6,4,0,0,0,0,1,0,0,0,,78,40,0,0,0,0,0,1,1,,13,0,13,1,,1,,1,,1,,1,,1,,1,,1,,3,1,63eef739-c589-32b0-0ac6-2961f86b844b
2/16/2023 19:40,2/16/2023 19:51,0,100,678,1,2/16/2023 19:51,R_263dgLcz3gUIgZU,anonymous,EN,1,1,1,1,1,1,2,3,5,1,,2,1,300,200,1200,200,,100,0,3,5,6,5,3,2,2,2,3,2,5,7,3,2,1,3,,1,1,9,9,9,9,,9,9,4,5,5,3,,5,3,4,4,5,2,,5,3,6,3,5,2,7,7,1,1,,,7,5,1,1,10,10,10,10,,10,7,10,10,10,10,,10,10,10,10,10,7,,10,4,10,10,10,4,,8,1,6,5,5,7,4,5,7,7,5,6,3,5,,,,7,7,7,6,2,5,4,1,0,0,0,0,0,0,0,,187,32,0,0,0,0,0,1,1,,6,6,3,1,,1,,2,,2,,1,,1,,1,,1,,3,1,63eef6ae-1ba9-b074-8986-0998e9627b2e
2/16/2023 19:45,2/16/2023 19:51,0,100,374,1,2/16/2023 19:51,R_1GvI3XyZ7s76Li2,anonymous,EN,1,1,1,1,1,1,2,2,2,2,,2,4,100,100,100,100,,500,1100,6,6,5,6,6,6,5,6,5,6,4,4,5,5,4,4,,4,5,5,5,5,5,,5,6,3,2,3,3,,3,3,3,3,4,3,,2,2,5,5,4,5,3,5,4,4,,,5,5,4,4,5,6,5,5,,5,8,5,6,6,6,,6,7,4,5,5,5,,5,6,4,5,6,5,,7,5,3,4,5,3,4,4,2,5,5,3,3,5,,,,4,3,5,1,5,5,4,1,0,0,0,0,0,0,0,,187,34,0,1,1,1,0,0,1,,34,3,12,1,,1,,1,,1,,1,,1,,1,,1,,1,1,63eef7c3-eb91-4efd-f131-5ef29b22179a
2/16/2023 19:37,2/16/2023 19:51,0,100,889,1,2/16/2023 19:51,R_24piL0tiGGtFZg2,anonymous,EN,1,0,0,1,1,0,2,1,9,,,1,1,400,300,1000,,,200,100,7,7,7,7,7,6,7,7,6,4,4,4,4,5,5,,,3,3,9,8,9,,,6,4,2,2,5,,,3,2,2,2,5,,,3,2,7,7,7,7,7,7,,,,,7,7,7,7,10,9,10,,,10,10,10,10,10,,,10,9,10,9,9,,,9,9,10,10,10,,,10,9,7,7,7,7,7,7,7,7,7,,,,,,,7,7,7,7,7,7,6,1,0,0,0,0,0,0,0,,187,40,0,0,0,0,0,1,1,,24,5,20,1,,1,,1,,1,,1,,2,,2,,1,,4,1,63eef555-3c5c-4539-c10a-317001571d1e
2/16/2023 19:43,2/16/2023 19:52,0,100,554,1,2/16/2023 19:52,R_1DJ30fLfg4BGiIi,anonymous,EN,1,0,0,0,1,0,5,1,4,,,3,1,600,200,600,,,500,100,6,5,7,7,4,6,5,6,7,4,5,7,4,4,1,,,2,3,9,9,9,,,9,9,5,3,5,,,4,2,5,3,5,,,5,3,7,6,4,4,7,7,,,,,6,5,3,3,8,5,9,,,6,4,9,6,9,,,5,3,8,6,8,,,6,5,8,7,10,,,8,5,7,6,6,6,4,7,5,5,7,,,,,,,5,5,4,5,4,5,5,1,0,0,0,0,0,0,0,,187,45,0,0,0,0,0,1,1,,20,4,15,1,,1,,1,,1,,1,,2,,2,,1,,4,1,63eef740-af08-3cc8-60d5-d3cb5c3eb8bb
2/16/2023 19:45,2/16/2023 19:52,0,100,424,1,2/16/2023 19:52,R_2WJ6cUqDHF1f7Gq,anonymous,EN,1,1,0,1,0,0,14,0,0,0,,0,0,500,500,500,500,,0,0,5,5,3,2,1,2,2,1,5,4,3,6,6,6,5,4,,3,7,6,5,5,5,,4,7,4,3,3,2,,1,3,4,3,3,3,,2,3,6,5,5,6,2,6,3,7,,,4,6,4,4,5,6,6,5,,5,9,5,5,0,5,,6,9,3,4,2,4,,4,10,1,3,1,2,,6,6,5,5,7,7,6,5,4,4,5,6,4,6,,,,4,7,7,6,6,5,6,1,0,0,1,0,0,0,0,,1,37,1,1,0,0,0,0,1,,38,5,Never,1,,1,,2,,1,,2,,2,,2,,2,,4,1,63eef815-5996-dc9e-2534-e8a88325932b
2/16/2023 19:43,2/16/2023 19:52,0,100,554,1,2/16/2023 19:52,R_1g1I1iBBT8UK39B,anonymous,EN,1,1,1,1,1,1,4,0,10,0,,0,0,500,0,1500,0,,0,0,5,4,5,5,3,4,6,3,1,6,4,4,4,4,2,4,,1,1,9,9,9,9,,7,6,4,2,5,3,,2,1,5,1,5,3,,3,2,5,5,3,3,7,7,4,4,,,3,2,1,1,7,5,10,3,,4,1,8,6,9,4,,2,1,6,5,3,3,,1,1,6,5,5,4,,3,1,5,5,5,2,1,1,7,7,6,5,4,3,,,,5,5,5,3,3,2,5,1,0,0,0,0,0,0,0,,187,33,0,1,0,0,0,0,1,,19,4,13,1,,1,,2,,2,,1,,1,,1,,1,,4,1,63eef79d-3555-d8fe-e1f6-3642e5bbd720
2/16/2023 19:44,2/16/2023 19:52,0,100,524,1,2/16/2023 19:52,R_3es49eNQKV0qlat,anonymous,EN,1,1,1,1,1,0,4,1,2,3,,2,2,500,200,200,500,,400,200,6,6,6,6,6,5,6,6,5,6,5,5,3,2,1,2,,3,4,7,6,6,7,,7,9,4,4,4,3,,4,4,3,3,3,3,,4,3,6,7,6,6,6,5,6,6,,,5,7,5,5,7,8,7,6,,5,5,8,8,7,5,,4,7,8,9,7,6,,5,10,8,8,6,5,,3,7,6,6,6,5,5,4,6,6,5,6,5,5,,,,6,6,6,6,5,5,5,1,0,0,0,0,0,0,0,,187,40,1,1,0,1,0,0,1,,12,5,11,1,,1,,1,,1,,1,,2,,1,,1,,4,1,63eef775-64ca-4439-fadb-725bb07fd38e
2/16/2023 19:42,2/16/2023 19:53,0,100,640,1,2/16/2023 19:53,R_1qVawmiQjIhJqf7,anonymous,EN,1,1,1,1,1,1,4,3,3,2,,2,0,800,300,300,400,,200,0,5,5,7,5,4,4,7,2,4,4,4,6,1,1,1,1,,1,1,9,9,8,9,,9,8,5,5,5,5,,5,5,5,5,5,5,,5,5,1,5,6,5,2,4,6,6,,,6,6,6,6,10,10,10,10,,10,2,10,10,10,10,,10,3,10,10,10,10,,10,10,10,10,10,10,,10,6,6,4,6,6,6,6,6,6,6,6,6,6,,,,7,6,6,6,6,6,2,0,0,0,1,0,0,0,0,,187,44,0,0,0,0,0,1,1,,14,0,10,1,,2,,2,,2,,1,,1,,1,,1,,3,1,63eef752-9c1a-f2dd-4442-bb9921374964
2/16/2023 19:44,2/16/2023 19:53,0,100,517,1,2/16/2023 19:53,R_23f3bHl7TICOeue,anonymous,EN,1,1,1,1,1,1,2,2,6,1,,3,0,100,100,1000,100,,700,0,7,2,6,6,5,2,5,5,1,2,7,2,7,7,1,5,,7,7,9,9,9,3,,9,5,3,2,4,1,,4,2,4,4,5,2,,5,4,6,6,5,6,7,7,3,3,,,5,6,4,4,8,8,10,4,,6,4,10,9,10,4,,10,6,5,1,0,8,,6,9,7,7,10,4,,7,5,5,6,6,4,3,3,5,7,7,2,2,3,,,,6,6,7,7,6,7,1,1,0,0,0,0,0,0,0,,187,24,0,0,0,0,0,1,1,,5,8,4,1,,2,,2,,2,,2,,2,,2,,2,,4,1,63eef7d5-dc6f-c7e7-78d3-843f7deb9ffb
2/16/2023 19:37,2/16/2023 19:53,0,100,953,1,2/16/2023 19:53,R_UX5ffLdKcymKASJ,anonymous,EN,1,0,0,0,1,0,4,3,4,,,2,1,600,400,500,,,300,200,7,5,7,7,5,4,6,5,6,6,7,7,4,2,2,,,5,4,8,7,9,,,8,7,3,2,5,,,4,3,2,1,3,,,3,2,7,7,5,5,7,7,,,,,6,5,5,6,10,9,10,,,8,6,10,9,10,,,8,7,10,9,10,,,8,8,10,8,10,,,8,8,6,6,7,4,4,5,7,7,7,,,,,,,6,6,6,5,5,5,6,1,0,0,0,0,0,0,0,,187,35,1,0,0,0,0,1,1,,16,2,14,1,,1,,1,,1,,1,,2,,2,,1,,4,1,63eef5f9-072f-d9a3-c05c-20ce5eb95bf3
2/16/2023 19:33,2/16/2023 19:53,0,100,1236,1,2/16/2023 19:53,R_ykl5JIdLDC3FR9n,anonymous,EN,1,1,0,1,1,0,3,3,3,1,,3,1,200,300,200,100,,1000,200,7,7,3,2,1,7,6,3,7,5,3,7,7,5,3,2,,7,6,9,7,6,4,,9,7,5,4,4,3,,3,5,5,4,3,5,,4,2,7,5,7,5,7,7,7,5,,,7,6,7,5,10,8,7,5,,10,3,5,4,3,6,,6,5,8,6,5,3,,10,8,8,6,5,3,,10,8,7,6,4,7,6,7,6,5,3,7,6,5,,,,4,4,2,5,4,7,5,0,0,0,1,0,0,0,0,,187,26,0,0,0,0,0,1,2,,4,1,1,1,,1,,1,,1,,1,,2,,2,,1,,4,1,63eef54b-b649-3d9a-f462-3143fae46d27
2/16/2023 19:46,2/16/2023 19:55,0,100,571,1,2/16/2023 19:55,R_2uyq3LGoHtOGg83,anonymous,EN,1,0,1,1,1,1,4,4,6,,0,0,0,500,500,1000,,0,0,0,5,4,5,5,3,5,3,5,3,3,5,6,7,3,1,,7,3,3,9,9,9,,2,3,2,2,5,5,,1,1,1,4,5,5,,1,1,1,4,4,7,7,7,7,,,1,1,1,1,1,1,8,10,10,,1,1,1,7,7,7,,2,1,0,5,7,10,,0,0,0,6,6,6,,0,0,0,5,6,6,7,7,7,7,7,7,,,,1,1,1,1,1,1,1,1,1,4,1,0,0,0,0,0,0,0,,187,31,0,0,0,0,0,1,1,,12,1,7,1,,1,,2,,2,,1,,1,,1,,1,,4,1,63eef834-cb15-3a35-123f-7e3a007d4325
2/16/2023 19:31,2/16/2023 19:56,0,100,1455,1,2/16/2023 19:56,R_xg7ZZ8NjRpUHpGF,anonymous,EN,1,1,1,1,1,1,3,3,4,2,,1,1,400,300,600,300,,300,100,6,6,6,6,6,6,6,6,6,6,6,6,2,2,1,3,,3,3,9,9,9,9,,9,9,5,5,5,4,,4,4,5,4,5,5,,5,5,7,7,6,7,7,7,6,7,,,6,7,6,7,10,9,10,10,,9,10,10,9,10,9,,9,9,10,10,10,9,,10,10,9,10,10,10,,9,10,7,6,7,6,6,6,7,6,7,6,6,7,,,,6,6,7,6,6,7,6,1,0,0,0,0,0,0,0,,187,38,0,0,0,0,0,1,1,,18,0,17,1,,1,,1,,1,,1,,2,,2,,1,,4,1,63eef480-7f1f-6a00-7359-29a2cbed73ef
2/16/2023 19:25,2/16/2023 19:56,0,100,1872,1,2/16/2023 19:56,R_2yeFkUO6nk55gou,anonymous,EN,1,1,1,1,1,0,6,3,3,1,,1,0,510,410,200,400,,440,40,7,7,7,6,7,5,4,5,3,5,5,6,4,4,1,4,,1,2,1,1,1,1,,1,2,3,3,5,3,,5,4,4,4,4,4,,5,5,7,7,6,7,5,6,7,7,,,6,6,5,7,7,7,7,7,,6,3,6,6,6,6,,8,10,8,7,8,8,,8,9,8,6,7,7,,7,9,6,6,5,5,5,7,6,6,5,6,5,5,,,,7,5,5,6,6,6,5,1,0,0,0,0,0,0,0,,187,38,0,0,0,0,0,1,1,,15,4,15,1,,1,,1,,1,,1,,2,,2,,1,,4,1,63eef296-c7ba-542c-5a25-0b135d0449f9
2/16/2023 19:47,2/16/2023 19:57,0,100,591,1,2/16/2023 19:57,R_1jBAarWASWl6KKF,anonymous,EN,1,0,0,0,1,0,2,1,9,,,1,1,500,500,200,,,100,700,7,6,2,6,6,5,7,7,2,7,7,6,3,4,3,,,2,5,8,8,9,,,9,9,5,5,5,,,4,5,5,4,4,,,4,5,7,7,7,6,7,7,,,,,7,6,7,6,8,9,10,,,9,9,9,9,10,,,9,8,10,9,9,,,10,8,10,10,8,,,10,7,7,2,6,6,6,7,2,2,6,,,,,,,6,6,7,6,7,7,4,1,0,0,0,0,0,0,0,,187,30,0,0,0,1,0,0,1,,2,6,7,1,,1,,1,,1,,1,,2,,2,,1,,3,1,63eef78d-9bad-958a-57fd-1db0a205a751
2/16/2023 19:33,2/16/2023 19:58,0,100,1502,1,2/16/2023 19:58,R_3Es4YEB4HcJ0ntA,anonymous,EN,1,1,1,1,1,1,1,1,8,1,,2,1,500,500,800,100,,100,0,6,3,5,5,4,5,5,3,4,3,5,4,6,3,1,6,,6,6,9,9,9,9,,2,1,5,5,5,2,,2,1,5,5,5,2,,2,1,7,5,5,4,7,7,4,5,,,1,2,1,1,8,7,10,6,,5,1,10,9,10,9,,6,2,10,3,10,7,,5,2,8,6,10,5,,3,0,5,5,5,7,5,5,7,7,7,5,5,5,,,,5,5,5,4,4,4,1,1,0,0,0,0,0,0,0,,187,23,0,0,0,0,0,1,1,,7,2,3,1,,1,,2,,2,,1,,1,,1,,1,,4,1,63eef532-eb52-d3a3-fce6-5d227970eceb
2/16/2023 19:39,2/16/2023 20:03,0,100,1445,1,2/16/2023 20:03,R_yIlD9YlvTwr01Hz,anonymous,EN,1,1,1,0,1,1,4,4,3,1,,1,1,400,400,400,400,,400,0,5,5,3,5,3,4,6,3,3,4,5,3,3,3,1,3,,1,1,9,9,9,4,,9,3,5,5,5,2,,5,2,5,5,5,2,,5,2,7,7,6,6,7,7,4,3,,,7,7,2,2,10,10,10,6,,10,1,10,10,10,7,,10,5,10,10,10,5,,10,2,10,10,10,6,,10,1,7,7,7,6,6,6,7,7,7,5,4,3,,,,7,7,7,2,2,2,4,1,0,0,0,0,0,0,0,,187,26,0,0,1,0,0,0,1,,9,2,7,1,,1,,2,,2,,1,,1,,1,,1,,4,1,63eef6b6-29e5-399c-3b01-cf2cc7d548d8
2/16/2023 19:46,2/16/2023 20:05,0,100,1178,1,2/16/2023 20:05,R_3fb3y9Ef5wQPQdz,anonymous,EN,1,0,0,0,1,0,2,2,3,,,3,4,400,400,400,,,400,400,6,5,6,4,4,2,3,5,6,2,6,4,5,4,4,,,2,2,9,7,9,,,8,6,4,4,4,,,5,4,5,3,5,,,5,4,7,7,6,5,6,5,,,,,5,4,4,4,10,7,9,,,6,4,10,8,8,,,6,6,10,8,7,,,5,6,10,9,8,,,6,7,7,6,5,5,5,5,5,5,7,,,,,,,4,5,5,5,4,5,6,1,0,0,0,0,0,0,0,,187,40,0,0,0,0,0,1,1,,26,4,22,1,,1,,2,,2,,1,,1,,1,,1,,4,1,63eef7d9-6a67-2e2b-413c-de335e37f772
2/16/2023 19:47,2/16/2023 20:06,0,100,1158,1,2/16/2023 20:06,R_1N4c0fLwUh5aOG4,anonymous,EN,1,1,1,1,1,1,3,2,5,2,,1,1,400,200,800,300,,200,100,7,7,7,7,7,7,7,7,7,7,7,7,7,5,7,6,,5,3,9,9,9,9,,8,7,3,2,5,3,,4,3,5,3,3,3,,3,3,7,7,6,6,7,7,5,5,,,5,4,3,3,10,9,10,10,,6,5,10,10,10,10,,10,10,10,10,10,10,,9,5,10,10,10,8,,4,3,7,7,7,7,7,7,7,7,7,7,7,7,,,,6,6,6,5,5,5,5,1,0,0,0,0,0,0,0,,187,30,0,0,0,0,0,1,1,,15,3,12,1,,1,,1,,1,,1,,1,,1,,1,,4,1,63eef846-5536-9038-c33c-a7446148d973
2/16/2023 19:45,2/16/2023 20:10,0,100,1556,1,2/16/2023 20:10,R_2zknSsQJ15MJLeW,anonymous,EN,1,1,1,1,1,1,5,5,4,0,,0,0,500,500,1000,0,,0,0,5,2,5,5,5,6,6,6,3,6,5,7,1,6,1,3,,6,3,9,9,9,1,,7,1,5,5,5,1,,1,1,5,5,2,1,,1,1,7,7,7,7,7,7,1,1,,,1,1,1,1,10,10,10,0,,0,0,10,10,5,0,,0,0,10,10,10,0,,0,0,10,10,10,0,,0,0,7,7,7,7,5,4,6,6,3,1,1,1,,,,5,5,1,1,1,1,3,1,0,0,0,0,0,0,0,,187,31,1,0,0,0,0,0,1,,13,1,10,1,,1,,2,,2,,1,,1,,1,,1,,4,1,63eef7f8-425f-d4c3-9f3b-c2f38e54f0cc
2/16/2023 19:42,2/16/2023 20:14,0,100,1903,1,2/16/2023 20:14,R_3oAz76ffCaISVMW,anonymous,EN,1,1,1,1,0,1,8,2,1,1,,2,0,1000,300,200,200,,200,100,1,3,1,2,3,2,2,3,1,2,1,1,3,4,1,2,,3,2,9,9,9,8,,9,6,5,3,1,2,,5,2,5,3,3,3,,5,2,7,7,6,4,7,7,7,7,,,7,6,5,4,10,10,10,10,,10,7,10,10,10,10,,10,6,10,10,10,10,,10,10,10,10,10,10,,10,6,7,2,7,7,6,6,7,7,7,1,7,7,,,,7,7,7,5,5,5,3,1,0,0,0,0,0,0,0,,187,34,1,1,1,1,1,0,1,,15,6,14,1,,1,,1,,1,,1,,2,,2,,1,,4,1,63eef69c-ba30-8e6d-578b-84cc5bb040ab
2/16/2023 19:40,2/16/2023 20:17,0,100,2184,1,2/16/2023 20:17,R_3oRSlmrqueAG8Km,anonymous,EN,1,1,1,0,1,0,4,4,3,3,,0,0,500,500,500,500,,0,0,7,4,4,5,4,5,5,5,5,5,6,7,4,6,4,4,,3,6,9,7,9,9,,7,5,5,2,4,4,,3,2,5,2,4,4,,3,2,7,7,5,6,7,7,7,7,,,5,4,3,3,10,10,10,10,,5,4,10,10,10,10,,5,4,10,10,10,10,,5,3,10,10,10,10,,3,3,7,7,7,6,6,4,6,6,4,7,7,7,,,,3,3,4,3,3,3,1,1,0,0,0,0,0,0,0,,187,40,0,0,1,0,0,0,1,,7,7,6,3,,1,,2,,2,,1,,1,,1,,1,,4,1,63eef6ff-03df-300a-c398-1422f61f031f
2/16/2023 19:57,2/16/2023 20:19,0,100,1360,1,2/16/2023 20:19,R_2Sv73mOqePlsK38,anonymous,EN,1,0,0,0,1,0,5,5,4,,,0,0,500,500,1000,,,0,0,5,5,2,1,2,5,2,3,2,2,2,7,7,7,7,,,3,2,9,9,9,,,9,5,4,4,5,,,4,2,5,5,5,,,4,3,6,7,5,6,7,7,,,,,6,5,4,3,10,10,10,,,5,1,10,10,10,,,10,10,10,10,10,,,8,4,10,10,10,,,7,6,7,7,7,7,7,7,7,7,7,,,,,,,7,6,7,7,7,7,6,0,0,0,0,1,0,0,0,,187,34,0,0,0,1,0,0,1,,6,0,4,1,,1,,2,,2,,1,,2,,2,,1,,4,1,63eef7f2-12f2-33f2-1b15-0ff43828b18d
2/16/2023 19:27,2/16/2023 20:19,0,100,3131,1,2/16/2023 20:19,R_3CJxvE6IBkkbKTe,anonymous,EN,1,1,1,1,1,1,5,2,3,2,,2,0,1500,0,250,250,,0,0,6,6,6,6,4,6,6,6,5,6,6,7,2,3,2,2,,1,2,9,9,9,9,,9,9,3,3,3,2,,3,3,3,3,3,3,,3,3,7,7,7,4,4,4,7,7,,,7,7,4,4,10,5,10,10,,10,4,10,10,10,10,,10,10,0,0,2,5,,6,5,10,5,5,10,,10,5,7,7,7,7,4,6,7,7,6,7,7,7,,,,7,7,7,5,4,4,2,0,1,0,0,0,0,0,0,,187,30,0,0,0,0,0,1,1,,7,3,8,4,,1,,1,,1,,1,,2,,2,,4,,3,1,63eef3e0-f461-53b4-c8e0-274f6abf8906
2/16/2023 22:13,2/16/2023 22:19,0,100,314,1,2/16/2023 22:19,R_1PZe6Zin1YuLv4E,anonymous,EN,1,0,0,0,1,0,4,3,4,,,1,2,450,300,650,,,100,500,2,4,6,4,1,6,7,3,1,2,4,5,5,2,4,,,7,5,2,5,8,,,7,3,1,3,4,,,3,4,1,3,5,,,2,1,3,5,3,5,2,4,,,,,1,5,3,3,2,4,7,,,10,5,2,3,4,,,9,5,1,4,5,,,6,5,3,8,7,,,3,4,6,1,2,2,3,4,3,6,5,,,,,,,2,3,6,2,6,4,6,0,1,0,0,0,0,0,0,,187,45,0,0,0,1,0,0,1,,25,2,17,1,,1,,2,,2,,1,,1,,1,,1,,3,1,63eef260-741b-7665-e3eb-9cd2903fe958
2/16/2023 17:00,2/17/2023 0:49,0,100,28112,1,2/17/2023 0:49,R_cuUARNeddfLz42Z,anonymous,EN,1,1,1,1,1,1,2,2,10,0,,0,0,500,500,1000,0,,0,0,6,6,6,6,5,5,6,6,5,6,4,7,7,6,7,4,,4,3,9,7,9,6,,6,5,3,3,5,3,,3,3,5,3,5,3,,3,2,6,5,6,6,6,7,6,7,,,6,6,6,7,8,9,7,8,,8,8,7,8,10,9,,7,6,7,8,9,7,,8,8,9,8,9,7,,8,8,6,7,6,6,6,6,6,7,6,6,7,6,,,,6,7,6,6,7,7,3,1,0,0,1,0,0,0,0,,187,34,0,0,0,0,0,1,1,,5,8,5,1,,1,,2,,2,,1,,2,,1,,1,,4,1,63eed144-c538-e77e-340e-d676ae7d7ac1
2/16/2023 19:39,2/17/2023 1:37,0,100,21482,1,2/17/2023 1:37,R_3IXCM4ffeb9efmN,anonymous,EN,1,0,0,0,1,0,2,2,1,,,2,7,300,600,500,,,400,200,3,5,4,4,3,3,5,2,4,4,4,3,4,3,4,,,3,3,6,6,3,,,3,7,3,3,3,,,3,3,2,4,3,,,4,3,5,5,5,5,5,5,,,,,4,6,4,5,7,8,6,,,9,6,8,8,6,,,6,7,6,5,7,,,8,8,6,8,8,,,7,8,4,6,5,5,4,6,5,5,6,,,,,,,6,5,5,5,5,6,2,1,0,0,0,0,0,0,0,,187,33,0,0,0,0,0,1,1,,9,2,4,1,,1,,2,,2,,1,,2,,2,,1,,1,1,63eef6a8-b50b-9d14-0dfb-65777779e825
2/17/2023 8:49,2/17/2023 8:59,0,100,589,1,2/17/2023 8:59,R_sTq6v6SqgcQcELv,anonymous,EN,1,0,0,1,1,0,3,2,1,,,3,5,200,200,800,,,500,300,7,6,7,6,7,6,7,6,7,6,7,6,1,2,1,,,2,4,9,8,9,,,8,7,5,4,5,,,5,5,4,5,4,,,5,4,7,6,6,7,6,7,,,,,7,6,6,7,10,9,10,,,9,10,9,10,9,,,10,9,9,10,9,,,10,9,9,10,9,,,10,9,7,6,7,6,7,6,7,7,7,,,,,,,6,7,6,6,7,6,5,1,0,0,0,0,0,0,0,,187,32,0,0,0,1,0,0,1,,1,5,18,1,,1,,1,,1,,1,,2,,2,,1,,4,1,63efafe3-b2c6-4f3a-f47c-0486bdb02978
2/17/2023 8:50,2/17/2023 9:03,0,100,748,1,2/17/2023 9:03,R_3ptosYCdzND6t0S,anonymous,EN,1,1,1,1,1,1,4,2,3,2,,2,1,500,300,500,300,,300,100,7,7,7,7,7,7,3,7,7,7,7,7,4,5,2,4,,3,2,9,9,9,9,,9,8,3,3,5,4,,4,2,5,4,5,4,,5,3,7,7,7,6,7,7,7,7,,,7,6,5,5,10,10,10,10,,10,8,10,10,10,10,,10,8,10,10,9,10,,10,7,10,10,10,10,,10,7,7,7,7,7,5,5,7,7,7,7,6,5,,,,7,7,7,7,5,5,6,1,0,0,0,0,0,0,0,,187,35,0,0,0,0,0,1,1,,1,8,15,1,,1,,2,,2,,1,,1,,1,,1,,4,1,63efafb7-bc68-554b-55a6-cc88eacafc8b
2/17/2023 8:50,2/17/2023 9:03,0,100,789,1,2/17/2023 9:03,R_z5Ood65USX1PnHz,anonymous,EN,1,1,1,1,1,1,2,2,5,1,,2,2,400,200,900,100,,200,200,6,6,7,7,6,6,6,6,6,6,6,6,3,4,3,4,,4,4,8,8,7,8,,8,8,5,4,4,4,,4,4,5,5,5,5,,4,4,6,6,6,6,7,6,6,6,,,6,6,6,6,9,9,10,8,,9,9,9,9,8,10,,9,8,9,8,8,8,,9,8,8,9,8,8,,7,7,6,6,6,6,6,6,6,6,6,6,6,6,,,,6,6,6,7,6,6,4,1,0,0,0,0,0,0,0,,187,32,0,1,0,0,0,0,1,,10,4,10,1,,1,,1,,1,,1,,2,,2,,1,,4,1,63efaff4-5c9c-fc5a-4d7a-14f7ccfb2947
2/17/2023 9:00,2/17/2023 9:04,0,100,210,1,2/17/2023 9:04,R_25NQLDcyvYqMLQA,anonymous,EN,1,1,0,1,1,0,14,0,0,0,,0,0,1000,1000,0,0,,0,0,5,5,5,5,5,6,6,5,6,5,6,5,5,3,3,4,,5,3,8,7,7,7,,6,9,3,2,4,2,,3,5,2,,4,2,,4,4,6,6,4,5,5,4,5,6,,,6,6,6,5,6,6,5,5,,7,9,5,4,6,6,,6,8,4,6,6,6,,6,8,7,7,6,7,,7,6,5,4,2,4,6,4,5,6,4,5,5,6,,,,6,5,6,5,5,4,3,0,1,0,0,0,0,0,0,,187,29,0,0,0,0,0,1,1,,6,1,4,1,,1,,2,,2,,1,,1,,1,,1,,3,1,63efb297-2fdf-5885-9fe1-a5550998bd27
2/17/2023 8:51,2/17/2023 9:04,0,100,791,1,2/17/2023 9:04,R_Tt1GBxmyjsGoFQB,anonymous,EN,1,1,1,1,1,1,4,2,3,3,,1,1,600,300,400,400,,200,100,5,5,2,4,7,3,3,6,5,2,4,6,2,3,1,3,,2,2,9,8,9,9,,9,7,4,3,5,4,,4,4,5,3,5,5,,4,3,7,7,5,4,7,7,7,7,,,5,6,4,3,10,8,10,9,,8,8,10,7,10,10,,8,6,10,8,9,10,,8,7,10,8,10,9,,9,7,7,5,7,5,6,4,7,7,7,7,7,7,,,,6,5,5,5,4,4,3,1,0,0,0,0,0,0,0,,187,40,0,0,0,0,0,1,1,,19,3,15,1,,1,,1,,1,,1,,2,,2,,1,,4,1,63efb01d-c9ad-be72-bbeb-2b13a51a3577
2/17/2023 8:56,2/17/2023 9:06,0,100,588,1,2/17/2023 9:06,R_2E4NIYfGn9AzzJa,anonymous,EN,1,0,1,0,1,1,0,10,4,,0,0,0,0,0,2000,,0,0,0,7,4,6,7,4,2,5,6,4,3,5,5,2,1,1,,3,2,3,1,5,9,,9,9,7,1,3,5,,3,2,1,1,3,5,,3,2,1,7,7,5,2,7,7,,,5,4,5,5,1,1,10,1,10,,6,6,0,10,9,10,,8,8,1,10,2,10,,8,7,1,10,2,10,,5,6,0,7,7,7,1,1,1,7,7,7,,,,4,4,4,6,6,6,1,1,1,3,1,0,0,0,0,0,0,0,,187,41,1,0,1,0,0,0,1,,22,2,3,1,,1,,2,,2,,1,,1,,1,,1,,4,1,63efb15a-052f-df98-5a6e-cf8ef0996128
2/17/2023 8:54,2/17/2023 9:09,0,100,921,1,2/17/2023 9:09,R_3NIGu4h722n1xpu,anonymous,EN,1,1,1,0,1,0,3,3,2,2,,2,2,700,700,200,100,,100,200,7,7,6,7,6,6,6,6,7,6,6,7,1,1,2,3,,4,5,9,9,9,8,,8,7,5,5,5,4,,3,3,5,5,5,4,,4,3,7,7,6,6,7,7,5,5,,,5,5,4,4,10,10,9,8,,8,7,9,9,8,7,,6,8,10,10,9,9,,7,7,10,10,9,7,,7,8,7,7,7,6,6,6,7,6,7,6,6,6,,,,5,6,6,5,5,5,4,1,0,0,0,0,0,0,0,,187,39,0,0,0,0,0,1,1,,12,6,12,1,,1,,1,,1,,1,,2,,2,,1,,4,1,63efb052-6306-7237-2999-287692696616
2/17/2023 9:00,2/17/2023 9:09,0,100,591,1,2/17/2023 9:09,R_24ic04DJSfUMf1t,anonymous,EN,1,1,0,0,1,0,5,0,5,0,,4,0,1000,0,1000,0,,0,0,6,6,5,6,6,4,4,5,6,6,6,5,2,1,1,3,,2,1,9,9,9,1,,9,9,5,1,5,1,,5,4,5,1,5,1,,5,4,7,7,5,5,7,7,1,1,,,6,3,3,3,0,7,0,10,,0,4,10,9,10,0,,7,8,10,9,9,0,,6,5,10,9,10,0,,6,5,7,7,7,4,4,4,7,7,7,1,1,1,,,,4,4,4,4,5,4,4,1,0,0,0,0,0,0,0,,187,44,1,0,1,0,1,0,1,,24,6,23,1,,1,,2,,2,,1,,1,,1,,1,,3,1,63efb264-3a42-e507-90c7-dbdeaa7b0ec5
2/17/2023 8:58,2/17/2023 9:09,0,100,665,1,2/17/2023 9:09,R_pM2mWAU3Zg8q6Jj,anonymous,EN,1,1,1,1,1,1,3,3,3,3,,1,1,400,400,400,400,,200,200,2,5,3,5,3,5,7,4,5,7,3,7,3,4,1,2,,2,2,9,6,9,9,,9,8,4,2,5,4,,4,3,4,2,5,4,,4,4,7,7,5,4,7,7,6,7,,,6,6,6,6,10,7,10,10,,8,8,10,6,10,10,,10,10,10,2,10,9,,7,6,10,4,10,8,,7,5,7,7,7,3,3,1,7,7,7,6,6,6,,,,6,6,6,6,6,6,4,1,0,0,0,0,0,0,0,,187,45,0,0,0,0,0,1,1,,25,6,24,1,,1,,2,,2,,1,,1,,1,,1,,4,1,63efb202-5f97-7c06-6de6-df691e7faf95
2/17/2023 9:04,2/17/2023 9:10,0,100,341,1,2/17/2023 9:10,R_1rBp9B38PI5wUzV,anonymous,EN,1,1,1,0,1,0,2,2,2,3,,2,3,1000,0,0,300,,200,500,6,3,5,4,7,3,3,4,6,4,3,5,4,6,4,5,,4,6,6,5,6,2,,8,7,5,3,3,3,,5,4,3,2,2,2,,3,4,6,6,4,6,4,6,3,4,,,5,6,3,5,6,6,6,2,,4,8,4,5,6,7,,4,6,3,5,9,6,,7,7,6,4,7,3,,5,7,6,4,3,4,3,6,2,7,6,3,6,4,,,,4,5,6,2,4,5,6,1,0,0,0,0,0,0,0,,187,41,0,1,1,0,0,0,1,,20,3,25,1,,1,,1,,1,,4,,2,,2,,4,,4,1,63efb338-e379-b928-b537-846da91ee6e8
2/17/2023 8:59,2/17/2023 9:11,0,100,700,1,2/17/2023 9:11,R_1rwXYjqx18J92sI,anonymous,EN,1,1,0,1,1,0,4,0,7,3,,0,0,0,0,2000,0,,0,0,1,6,2,3,1,2,2,4,3,1,3,4,2,2,2,2,,2,2,7,7,8,7,,6,9,2,3,3,3,,1,1,3,3,4,2,,1,3,7,7,7,7,7,6,5,7,,,6,6,5,5,5,5,6,7,,5,5,4,4,4,6,,4,6,6,6,3,5,,4,4,3,3,5,4,,5,4,2,3,2,2,2,4,4,5,6,5,4,5,,,,1,1,7,5,6,5,2,1,0,0,0,0,0,0,0,,187,41,1,0,0,0,0,0,1,,12,0,12,1,,1,,1,,1,,1,,2,,2,,1,,4,1,63efb260-b79d-93a5-5433-ba82a4752bba
2/17/2023 8:58,2/17/2023 9:17,0,100,1139,1,2/17/2023 9:17,R_yVgfttN47ZMfZg5,anonymous,EN,1,0,0,0,1,0,5,4,1,,,2,2,500,300,100,,,500,600,3,4,3,5,7,5,2,4,3,4,6,6,1,1,3,,,2,2,9,8,9,,,8,7,3,3,5,,,3,3,3,3,4,,,2,3,7,5,4,5,5,4,,,,,6,6,5,6,6,7,6,,,7,6,6,7,7,,,8,6,7,8,8,,,6,3,5,6,6,,,6,6,6,6,7,6,7,6,6,7,6,,,,,,,6,7,7,6,7,6,5,1,0,0,0,0,0,0,0,,187,27,0,1,0,0,0,0,1,,10,4,10,1,,1,,2,,2,,1,,1,,1,,1,,4,1,63efb1c4-f92e-0872-c572-f8bb4d160697
2/17/2023 9:06,2/17/2023 9:22,0,100,993,1,2/17/2023 9:22,R_1N8ob9coaPvQyzk,anonymous,EN,1,1,1,1,1,0,4,2,3,3,,2,0,600,300,500,500,,100,0,5,5,4,5,5,5,5,5,5,4,6,6,3,4,2,3,,3,3,9,8,9,9,,8,6,3,4,4,4,,3,3,4,3,3,4,,3,3,7,7,4,4,3,5,4,4,,,4,4,3,3,8,7,7,6,,5,4,10,9,10,8,,8,9,9,8,10,9,,8,7,10,7,10,9,,7,5,7,6,6,5,5,5,6,5,5,5,5,5,,,,6,5,5,5,5,5,3,1,0,0,0,0,0,0,0,,187,42,0,0,0,0,0,1,1,,15,1,15,1,,1,,1,,1,,1,,2,,2,,1,,4,1,63efb25b-a427-5ea4-dc23-c2f72b5b1048
2/17/2023 9:12,2/17/2023 9:28,0,100,995,1,2/17/2023 9:28,R_3rOiC7fyZohNg0a,anonymous,EN,1,1,1,1,1,1,2,2,3,2,,2,3,300,300,300,400,,400,300,7,7,7,7,7,7,7,7,7,7,7,7,5,1,5,1,,1,4,9,9,9,9,,9,9,4,5,5,5,,5,5,5,5,4,5,,5,5,7,7,7,7,7,7,7,7,,,7,7,7,7,10,10,10,10,,10,10,10,10,10,10,,10,10,10,10,10,10,,10,10,10,10,10,10,,10,10,7,7,7,7,7,7,7,7,7,7,7,7,,,,7,7,7,,7,7,5,0,1,0,0,0,0,0,0,,187,37,1,1,1,1,1,0,1,,20,2,20,1,,1,,1,,1,,1,,2,,2,,1,,4,1,63efb4d2-1fa4-27b9-48a5-30475fc6ae9b
2/17/2023 9:16,2/17/2023 9:31,0,100,929,1,2/17/2023 9:31,R_3iD7p7o9PsX2PbI,anonymous,EN,1,1,1,1,1,1,2,2,1,4,,3,2,100,100,1000,100,,500,200,5,6,4,3,4,6,5,7,4,6,2,6,2,5,2,5,,5,4,9,8,9,9,,9,9,3,4,5,5,,3,3,5,4,3,2,,3,3,6,6,6,7,7,7,7,7,,,6,6,6,5,8,9,8,8,,6,8,8,8,7,5,,4,7,8,7,10,7,,5,4,6,5,4,7,,6,4,6,5,6,6,6,5,4,3,5,5,6,5,,,,6,6,6,5,5,4,6,1,0,0,0,0,0,0,0,,187,40,0,0,0,0,0,1,1,,15,2,14,1,,1,,1,,1,,1,,2,,2,,1,,4,1,63efb233-343c-0c28-b04c-7a0a29580e28
2/17/2023 9:12,2/17/2023 9:34,0,100,1278,1,2/17/2023 9:34,R_2tmW3Ii4i9RFf4j,anonymous,EN,1,0,0,0,1,0,4,5,3,,,1,1,600,500,400,,,300,200,7,7,6,7,7,6,7,6,7,7,7,7,6,7,7,,,6,6,9,7,9,,,9,9,4,4,5,,,5,4,4,4,5,,,5,4,6,7,7,6,7,7,,,,,6,7,7,7,10,10,10,,,10,9,10,10,8,,,9,9,9,10,10,,,10,10,10,10,9,,,10,10,7,7,6,7,7,7,6,7,7,,,,,,,6,7,7,6,6,7,6,1,0,0,0,0,0,0,0,,187,40,0,0,0,0,0,1,1,,19,6,18,1,,1,,1,,1,,1,,2,,1,,1,,4,1,63efb4fc-8f0c-29ed-9b57-b80d2712fc27
2/17/2023 9:31,2/17/2023 9:36,0,100,302,1,2/17/2023 9:36,R_1FDqYAHx4iFoE6w,anonymous,EN,1,0,0,0,1,0,1,1,2,,,9,1,0,0,2000,,,0,0,5,5,5,5,5,5,5,5,5,5,5,5,3,3,4,,,4,3,3,7,5,,,5,4,1,1,4,,,4,3,1,1,2,,,1,2,5,5,5,5,6,6,,,,,5,5,5,4,7,8,6,,,7,4,5,8,3,,,3,6,4,6,5,,,5,6,4,4,5,,,5,5,4,4,4,4,3,5,4,5,4,,,,,,,4,5,5,3,4,5,4,1,0,0,0,0,0,0,0,,187,43,1,0,1,0,1,0,1,,24,2,26,1,,1,,2,,2,,1,,1,,1,,1,,4,1,63efb9b3-e1c5-3249-c60f-1415206d7111
2/17/2023 9:33,2/17/2023 9:38,0,100,267,1,2/17/2023 9:38,R_1prmyi0nTl3DXBR,anonymous,EN,1,1,0,0,0,0,3,5,3,2,,0,1,200,300,400,100,,1000,0,5,6,6,6,7,6,5,6,6,7,6,5,4,4,6,4,,3,4,9,7,6,6,,8,7,2,4,4,2,,3,4,4,4,4,4,,4,4,6,6,7,6,6,6,7,6,,,6,6,6,6,10,10,10,10,,10,10,8,8,10,10,,10,9,10,10,9,8,,8,7,10,10,10,8,,10,10,6,6,6,6,7,6,6,6,7,6,7,7,,,,5,6,6,6,6,7,2,1,0,0,0,0,0,0,0,,187,40,0,0,1,0,0,0,1,,15,5,10,1,,1,,1,,1,,1,,2,,2,,1,,4,1,63efba42-59f4-8155-c708-f9c47e82cd18
2/17/2023 9:34,2/17/2023 9:38,0,100,258,1,2/17/2023 9:38,R_2f3b2bkwImeurMF,anonymous,EN,1,0,0,0,1,0,0,0,14,,,0,0,0,0,2000,,,0,0,6,6,4,7,6,7,6,6,7,7,6,6,1,2,1,,,1,1,9,9,9,,,9,9,4,4,4,,,4,4,5,4,4,,,4,5,7,7,7,7,7,7,,,,,7,7,6,6,9,9,10,,,9,9,9,9,9,,,9,8,8,9,9,,,9,9,8,9,9,,,9,10,6,6,6,6,6,7,6,6,6,,,,,,,6,7,7,7,6,7,2,1,0,0,0,0,0,0,0,,187,42,0,0,0,1,0,0,1,,5,0,5,1,,2,,1,,1,,1,,2,,2,,1,,4,1,63efba53-c842-d7d3-fb57-80d77044cb05
2/17/2023 9:30,2/17/2023 9:38,0,100,460,1,2/17/2023 9:38,R_ctYQMUqdPjIuRkB,anonymous,EN,1,1,1,1,1,1,2,2,6,2,,1,1,300,300,800,300,,200,100,5,5,5,4,5,5,4,5,4,4,4,7,3,4,1,3,,1,1,9,9,9,9,,9,5,4,3,5,4,,3,2,4,3,5,4,,3,2,7,7,6,7,7,7,7,7,,,7,7,4,4,10,10,10,10,,10,4,10,10,10,10,,10,10,10,10,10,10,,10,5,10,10,10,10,,10,5,7,7,7,6,6,6,7,7,7,7,7,7,,,,7,7,7,4,4,4,4,1,0,0,0,0,0,0,0,,187,31,0,0,0,0,0,1,1,,9,0,3,1,,1,,2,,2,,1,,1,,1,,1,,3,1,63efb9a1-859e-9724-3b6b-97c0a15651cb
2/17/2023 9:33,2/17/2023 9:38,0,100,276,1,2/17/2023 9:38,R_12Gy1Y0MLN5jRQc,anonymous,EN,1,1,0,0,0,0,0,0,0,0,,10,4,0,0,2000,0,,0,0,5,6,7,7,5,5,7,7,7,4,5,5,2,2,2,2,,2,2,5,5,5,5,,5,5,2,1,4,2,,4,4,3,3,3,3,,3,3,5,7,4,5,4,5,3,4,,,4,5,3,5,10,10,8,8,,8,9,9,7,7,7,,6,7,3,5,6,7,,6,5,6,7,9,6,,8,7,5,3,6,6,5,3,5,5,6,4,6,6,,,,5,6,5,5,6,6,3,0,1,0,0,0,0,0,0,,187,32,0,0,0,0,0,1,5,,1,0,0,3,,2,,1,,1,,1,,2,,2,,1,,4,1,63efba53-1193-1a09-cdb7-506f44d57fca
2/17/2023 9:32,2/17/2023 9:38,0,100,386,1,2/17/2023 9:38,R_tVRI8Dk90HpOvZv,anonymous,EN,1,1,1,1,1,1,2,2,4,2,,2,2,200,200,600,1000,,0,0,4,2,6,4,1,6,5,3,2,6,7,3,4,2,6,5,,3,5,4,2,5,6,,7,3,4,2,3,4,,1,3,1,4,3,2,,3,4,5,3,6,4,6,5,4,4,,,5,2,4,5,6,8,7,5,,6,8,4,8,8,6,,7,8,4,7,5,7,,8,4,8,9,7,6,,7,5,4,6,5,3,4,5,6,1,3,3,6,5,,,,2,7,5,4,3,5,6,1,0,0,0,0,0,0,0,,187,23,0,0,0,0,0,1,2,,1,9,0,1,,1,,2,,2,,1,,1,,1,,1,,2,1,63efb9f0-3301-b1ed-0195-d45f224afe67
2/17/2023 9:31,2/17/2023 9:39,0,100,483,1,2/17/2023 9:39,R_31bCgF9LBspOhPQ,anonymous,EN,1,1,1,1,1,1,4,4,4,2,,0,0,750,450,800,0,,0,0,5,5,3,5,4,4,4,4,3,4,5,5,1,4,1,1,,3,3,6,6,6,6,,5,5,5,2,4,5,,3,1,5,4,4,5,,3,1,7,5,5,6,7,7,6,6,,,5,5,1,1,5,5,5,5,,5,5,9,8,10,7,,5,5,8,7,10,5,,0,0,6,9,10,6,,5,1,5,5,2,3,2,3,5,5,5,7,7,5,,,,4,4,4,1,1,1,2,0,0,0,0,1,0,0,0,,187,34,0,0,0,0,0,1,2,,6,2,0,1,,1,,2,,2,,1,,1,,1,,1,,3,1,63efb9d4-2a14-4f90-2391-386541df75cb
2/17/2023 9:31,2/17/2023 9:40,0,100,543,1,2/17/2023 9:40,R_3CBedWJYi0y24YA,anonymous,EN,1,0,1,1,1,1,2,3,6,,1,2,0,500,500,750,,100,150,0,5,6,6,7,6,5,5,5,5,3,2,7,2,3,1,,2,3,1,9,9,9,,9,9,9,5,4,5,,3,4,4,5,4,5,,3,4,4,5,6,5,5,7,7,,,4,4,5,5,4,4,10,8,10,,7,8,6,9,10,10,,9,9,9,10,9,10,,7,7,6,10,9,10,,6,7,6,7,7,7,7,7,7,7,7,7,,,,7,7,7,7,7,7,7,7,7,4,1,0,0,0,0,0,0,0,,187,38,0,0,0,0,0,1,1,,10,2,7,1,,1,,1,,1,,1,,2,,2,,1,,4,1,63efb9ac-4a22-d3fe-91f5-3ae9b8bf62fe
2/17/2023 9:34,2/17/2023 9:40,0,100,380,1,2/17/2023 9:40,R_0f9KeBu5wi2R9HX,anonymous,EN,1,0,0,0,1,0,2,2,6,,,2,2,1000,0,1000,,,0,0,4,4,4,4,4,4,4,4,4,4,4,4,4,4,4,,,5,4,4,4,3,,,5,5,3,3,3,,,3,1,3,3,3,,,3,3,4,5,5,4,4,4,,,,,4,4,4,3,4,5,4,,,4,4,3,3,4,,,3,4,5,5,6,,,5,5,5,5,4,,,5,5,3,4,4,3,3,4,3,4,4,,,,,,,4,4,3,4,4,4,2,0,0,1,0,0,0,0,0,,187,36,1,0,0,0,0,0,1,,2,2,2,1,,2,,1,,1,,3,,1,,1,,3,,2,1,63efba51-380b-0a2a-af7c-d7cbe7d69db7
2/17/2023 9:34,2/17/2023 9:40,0,100,408,1,2/17/2023 9:40,R_2xXeQsyUQcgBBv7,anonymous,EN,1,0,0,0,1,0,0,14,0,,,0,0,0,0,2000,,,0,0,4,3,2,3,3,2,4,5,5,4,4,4,5,5,3,,,7,5,2,5,3,,,4,7,5,2,1,,,2,1,2,3,2,,,3,3,4,5,3,4,3,5,,,,,4,4,2,5,5,4,3,,,2,1,5,5,5,,,3,2,4,4,6,,,5,3,3,4,10,,,6,6,4,5,1,2,5,4,4,6,4,,,,,,,5,4,1,4,4,5,3,0,1,0,0,0,0,0,0,,187,33,0,0,1,0,0,0,1,,6,4,9,1,,1,,1,,1,,1,,2,,2,,1,,3,1,63efba54-e8c2-a780-1f27-3b7db8b0fdf4
2/17/2023 9:33,2/17/2023 9:41,0,100,451,1,2/17/2023 9:41,R_pv1orBV0h1lfLMJ,anonymous,EN,1,1,1,1,1,1,1,4,8,0,,1,0,0,0,2000,0,,0,0,5,2,6,6,3,6,6,6,3,6,2,6,,4,1,7,,2,2,7,7,7,7,,8,7,4,3,2,3,,4,2,4,3,4,3,,4,4,5,5,5,5,3,7,5,6,,,6,5,6,5,8,7,6,8,,7,9,7,8,7,8,,7,8,7,9,8,6,,6,7,8,7,8,8,,7,9,5,5,5,5,5,5,5,5,5,5,5,5,,,,5,5,5,5,6,5,4,0,1,0,0,0,0,0,0,,187,35,0,0,0,0,0,1,1,,4,2,3,1,,1,,2,,2,,1,,1,,1,,1,,3,1,63efba26-2d1d-53bf-72a4-d766d8c139e0
2/17/2023 9:32,2/17/2023 9:41,0,100,585,1,2/17/2023 9:41,R_ZpLlAmQsuo4As1P,anonymous,EN,1,1,1,1,1,1,6,6,1,1,,0,0,1000,1000,0,0,,0,0,5,4,6,4,5,4,7,5,4,7,4,6,7,7,2,7,,4,6,9,9,9,9,,9,9,5,1,5,3,,5,3,5,1,5,4,,5,3,7,7,5,5,7,7,5,6,,,7,6,4,5,7,6,8,6,,7,3,10,10,10,10,,10,10,7,6,6,7,,6,3,8,8,8,8,,6,2,7,7,7,4,4,4,7,7,7,5,6,6,,,,7,6,7,4,5,5,5,1,0,0,0,0,0,0,0,,187,37,0,0,0,0,0,1,1,,14,8,14,1,,2,,2,,2,,1,,1,,1,,1,,4,1,63efb9eb-7021-ff27-4665-96c7de9247ac
2/17/2023 9:34,2/17/2023 9:42,0,100,444,1,2/17/2023 9:42,R_2wKs7PPrrHs6ny2,anonymous,EN,1,1,0,0,1,1,1,6,2,3,,1,1,500,100,1000,100,,150,150,1,2,1,3,3,2,6,4,3,2,4,1,1,1,6,1,,1,1,2,7,9,3,,9,9,3,5,4,1,,3,4,2,4,5,4,,5,2,5,3,4,5,4,7,4,4,,,5,6,5,4,10,10,4,8,,6,5,4,0,3,4,,2,3,1,3,5,7,,5,7,2,6,6,5,,4,6,3,2,2,2,1,5,4,4,7,4,4,5,,,,4,2,1,2,2,3,2,0,1,0,0,0,0,0,0,,12,22,0,1,0,0,0,0,1,,1,9,1,1,,2,,1,,1,,1,,2,,2,,1,,4,1,63efba95-0f0d-701a-011a-2d1aac025841
2/17/2023 9:33,2/17/2023 9:42,0,100,534,1,2/17/2023 9:42,R_86rycbjf45XAviV,anonymous,EN,1,0,0,0,1,0,5,5,2,,,2,0,500,500,500,,,500,0,6,5,5,6,4,3,6,6,3,6,5,7,1,7,1,,,5,2,9,9,9,,,9,9,5,2,5,,,3,1,5,5,5,,,5,3,7,7,7,7,7,7,,,,,7,7,5,4,10,10,10,,,10,5,10,10,10,,,10,10,10,10,10,,,7,3,10,7,10,,,7,3,7,7,7,7,7,7,7,7,7,,,,,,,7,7,6,6,6,6,5,1,0,0,0,0,0,0,0,,187,35,0,0,0,0,0,1,1,,18,6,13,1,,1,,2,,2,,1,,1,,1,,1,,4,1,63efba21-7934-cf58-8863-e9eee45795b0
2/17/2023 9:35,2/17/2023 9:43,0,100,453,1,2/17/2023 9:43,R_3sbmomDulRVBNXS,anonymous,EN,1,1,1,0,1,1,0,0,10,4,,0,0,0,0,1000,1000,,0,0,7,7,7,7,7,7,7,7,7,7,7,7,2,1,3,3,,2,3,9,9,9,9,,9,9,5,5,5,5,,5,5,5,5,5,5,,5,5,7,7,7,7,7,7,7,7,,,7,7,7,7,10,10,10,10,,10,10,10,10,10,10,,10,10,10,10,10,10,,10,10,10,10,10,10,,10,10,7,7,7,7,7,7,7,7,7,7,7,7,,,,7,7,7,7,7,7,1,1,0,0,0,0,0,0,0,,187,42,0,0,1,0,0,0,1,,12,6,12,1,,2,,1,,1,,1,,2,,2,,1,,4,1,63efbabe-f82b-7a1b-acb6-3ef78234a81a
2/17/2023 9:36,2/17/2023 9:43,0,100,408,1,2/17/2023 9:43,R_1d0335G4yvKPEUr,anonymous,EN,1,0,1,1,1,1,5,4,5,,0,0,0,500,500,1000,,0,0,0,5,4,6,6,3,4,7,6,2,7,6,7,1,1,1,,3,4,1,9,9,9,,9,9,1,2,5,5,,3,3,1,2,5,5,,3,3,1,1,3,7,7,7,7,,,5,5,5,5,2,1,5,9,10,,7,7,0,5,10,10,,10,10,5,4,7,10,,5,5,0,0,5,10,,5,7,0,2,2,1,7,7,7,7,7,7,,,,7,7,7,7,7,7,1,1,1,3,1,0,0,0,0,0,0,0,,187,33,0,0,0,0,0,1,1,,15,2,8,1,,1,,2,,2,,1,,1,,1,,1,,4,1,63efbae3-6d4b-c2e1-8209-e4370580a030
2/17/2023 9:36,2/17/2023 9:43,0,100,400,1,2/17/2023 9:43,R_0GSs2crCZ2ShrOx,anonymous,EN,1,0,0,0,1,0,6,2,6,,,0,0,1000,0,1000,,,0,0,4,3,5,5,5,5,5,5,5,5,5,5,3,3,4,,,4,4,3,3,3,,,3,3,3,3,3,,,3,3,3,3,3,,,3,4,3,4,5,4,5,4,,,,,5,4,5,4,7,7,7,,,7,7,6,8,8,,,8,8,6,8,8,,,8,7,7,8,8,,,8,8,4,5,5,4,5,5,5,5,5,,,,,,,5,4,5,4,6,5,2,1,0,0,0,0,0,0,0,,187,34,0,0,0,1,0,0,1,,20,0,10,1,,1,,2,,2,,1,,2,,2,,1,,1,1,63efbafd-41b3-c92a-b13a-4d7aa464ec4a
2/17/2023 9:31,2/17/2023 9:43,0,100,701,1,2/17/2023 9:43,R_3M3cC28wYE9btaI,anonymous,EN,1,1,1,1,1,1,5,4,2,1,,1,1,500,500,500,250,,200,50,4,5,1,3,2,6,5,4,4,6,5,6,1,7,1,3,,2,2,9,9,9,9,,9,8,4,4,5,4,,4,2,4,4,3,3,,4,2,6,7,5,6,7,7,4,5,,,4,3,2,2,10,10,10,8,,7,5,10,10,10,9,,8,7,10,10,10,10,,8,3,10,10,10,8,,7,4,7,6,6,7,6,5,7,7,7,7,6,5,,,,7,6,5,6,3,2,3,1,0,0,0,0,0,0,0,,187,33,0,0,0,0,0,1,1,,7,1,5,1,,1,,2,,2,,1,,1,,1,,1,,3,1,63efb9d8-7998-8ea4-b7af-4bde49304dd3
2/17/2023 9:35,2/17/2023 9:43,0,100,506,1,2/17/2023 9:43,R_3suBlsDQfm7pJqE,anonymous,EN,1,0,0,0,1,0,3,3,4,,,4,0,500,300,1000,,,200,0,5,5,5,5,4,5,4,4,2,3,5,5,3,2,1,,,2,2,8,8,9,,,9,7,2,1,2,,,2,1,3,2,4,,,3,3,3,3,3,2,6,5,,,,,6,5,3,1,8,8,10,,,9,1,7,7,8,,,7,4,6,6,9,,,7,2,8,7,10,,,8,3,4,4,2,4,4,1,6,6,5,,,,,,,6,6,6,4,4,4,6,0,0,0,0,1,0,0,0,,187,45,0,0,1,0,0,0,1,,20,0,12,1,,1,,2,,2,,4,,1,,1,,1,,4,1,63efba9f-28ff-c799-9245-913fffb35c48
2/17/2023 9:32,2/17/2023 9:44,0,100,722,1,2/17/2023 9:44,R_3HYXspCSeWizpyy,anonymous,EN,1,0,0,0,1,0,4,3,4,,,3,0,500,500,1000,,,0,0,5,2,7,7,2,1,7,2,2,7,1,7,7,5,7,,,3,1,9,9,9,,,9,5,4,4,4,,,2,1,5,5,5,,,5,1,7,4,7,2,7,6,,,,,7,4,1,1,10,10,10,,,10,0,10,10,10,,,10,0,10,10,10,,,10,0,6,4,7,,,2,0,7,7,6,7,6,6,7,7,7,,,,,,,4,4,6,4,4,4,3,1,0,0,0,0,0,0,0,,24,37,0,0,0,0,0,1,1,,10,1,10,1,,1,,2,,2,,1,,1,,1,,1,,4,1,63efb9f7-2c20-8cac-7ac9-7c643c89d9d5
2/17/2023 9:34,2/17/2023 9:44,0,100,609,1,2/17/2023 9:44,R_2zwt1WY41uEakhS,anonymous,EN,1,0,0,1,0,0,10,4,0,,,0,0,2000,0,0,,,0,0,2,4,5,4,3,3,4,6,5,5,5,3,4,5,5,,,5,6,4,3,3,,,5,8,3,3,3,,,2,5,4,2,1,,,3,4,4,5,4,2,5,5,,,,,5,6,2,5,4,7,7,,,7,4,6,7,2,,,5,8,1,2,6,,,6,7,1,6,7,,,7,8,3,5,6,3,3,7,4,5,7,,,,,,,4,5,7,3,6,6,4,0,1,0,0,0,0,0,0,,187,24,0,0,0,0,1,0,1,,2,8,2,1,,2,,1,,1,,1,,1,,2,,1,,4,1,63efba12-bc68-df1f-55b4-8e47efd1aac5
2/17/2023 9:33,2/17/2023 9:44,0,100,683,1,2/17/2023 9:44,R_1mkraB5xHuVthZP,anonymous,EN,1,1,1,1,1,1,3,2,2,3,,4,0,400,300,300,400,,500,100,7,2,6,6,6,3,7,2,2,4,2,6,7,7,7,7,,7,1,9,9,9,9,,9,5,4,4,5,4,,2,1,3,3,5,3,,3,2,7,7,7,7,7,7,7,7,,,5,5,3,3,10,10,10,10,,10,10,10,10,10,10,,10,10,10,10,10,10,,10,10,10,10,10,10,,10,10,6,6,6,6,6,6,6,6,6,6,6,6,,,,4,4,4,4,4,4,1,1,0,0,0,0,0,0,0,,187,35,0,0,0,0,0,1,1,,8,0,7,1,,1,,2,,2,,5,,2,,2,,4,,4,1,63efba28-11c6-8b41-6543-bd1690ce158a
2/17/2023 9:39,2/17/2023 9:45,0,100,391,1,2/17/2023 9:45,R_0eX2mDIVUUpHczv,anonymous,EN,1,0,1,1,1,0,8,0,6,,0,0,0,800,0,1200,,0,0,0,5,5,4,4,4,4,5,5,5,4,4,5,3,1,5,,2,2,2,7,6,7,,6,7,6,3,3,3,,3,3,3,4,3,3,,3,3,3,5,5,5,5,5,5,,,5,5,5,5,6,5,8,4,8,,6,7,6,6,4,7,,4,3,5,8,5,6,,4,5,5,7,4,7,,5,4,4,4,5,5,4,5,5,4,4,4,,,,5,5,4,4,4,4,4,4,4,5,0,0,0,0,1,0,0,0,,78,35,0,0,0,0,0,1,1,,5,0,7,1,,1,,2,,2,,1,,2,,1,,1,,4,1,63efbb93-cfa9-9132-2f9d-fba22ec47d7f
2/17/2023 9:34,2/17/2023 9:45,0,100,683,1,2/17/2023 9:46,R_1OkSwOsJxcJNCgP,anonymous,EN,1,1,1,1,1,1,3,3,4,2,,1.5,0.5,500,500,700,200,,100,0,5,7,5,5,3,5,6,3,4,3,6,7,6,6,1,2,,2,1,9,9,9,9,,9,8,4,3,5,4,,4,3,5,4,5,5,,5,3,7,7,6,5,7,7,7,7,,,7,6,4,4,10,10,10,10,,10,8,10,10,10,10,,10,10,8,8,10,10,,8,6,7,7,10,7,,7,4,7,7,7,7,6,5,7,7,7,7,7,7,,,,7,6,6,5,3,3,2,1,0,0,0,0,0,0,0,,187,31,0,1,0,0,0,0,1,,8,6,6,1,,1,,2,,2,,1,,1,,1,,1,,4,1,63efba71-a712-fcf4-a5d9-eda1da5bd163
2/17/2023 9:36,2/17/2023 9:46,0,100,588,1,2/17/2023 9:46,R_2xYl0I5BN1j6SGb,anonymous,EN,1,1,1,1,1,0,9,0,2,3,,0,0,1000,0,300,500,,200,0,3,4,5,5,5,6,5,6,5,6,2,6,3,3,1,3,,2,4,9,5,9,9,,9,9,5,1,5,5,,5,4,5,1,5,5,,5,4,7,7,3,3,7,7,7,7,,,7,6,5,5,10,4,10,10,,7,5,10,4,10,10,,10,10,10,3,10,10,,6,2,10,2,10,10,,8,5,7,7,7,4,4,4,7,6,7,6,6,5,,,,7,7,7,4,4,4,3,1,0,0,0,0,0,0,0,,187,42,0,1,0,0,0,0,1,,8,0,1,1,,3,Have our own kids,2,,2,,1,,1,,1,,1,,4,1,63efbad3-f8ef-86e8-d744-4fd9c26c34db
2/17/2023 9:40,2/17/2023 9:46,0,100,329,1,2/17/2023 9:46,R_PBAMW3JrdLdmaKR,anonymous,EN,1,0,1,1,1,0,3,3,2,,3,2,1,340,420,340,,230,230,440,6,6,2,6,7,5,6,7,7,5,5,6,6,7,5,,6,6,7,8,8,9,,9,9,9,5,5,4,,5,4,5,5,4,5,,4,5,4,7,7,6,7,7,6,,,6,7,5,7,5,7,10,8,10,,9,9,10,6,9,10,,9,9,9,7,10,9,,9,9,10,9,9,10,,10,9,8,7,6,6,6,7,7,5,7,6,,,,5,7,6,6,7,6,6,7,6,6,1,0,0,0,0,0,0,0,,187,36,0,0,0,0,0,1,1,,9,5,9,1,,1,,1,,1,,1,,2,,2,,1,,4,1,63efbbd6-80e0-b0b7-7c5e-b77e0531e446
2/17/2023 9:40,2/17/2023 9:46,0,100,405,1,2/17/2023 9:46,R_10HMoz20zoRenws,anonymous,EN,1,1,1,1,1,1,2,2,4,2,,2,2,90,70,1110,180,,300,250,7,7,5,6,6,6,6,5,6,7,6,5,3,4,2,1,,2,3,8,9,9,8,,9,9,5,4,5,3,,5,4,5,4,3,5,,4,4,6,5,6,7,5,6,5,6,,,7,6,5,6,8,8,10,9,,8,8,8,8,9,8,,8,7,7,9,8,7,,8,9,8,9,8,7,,9,8,7,7,6,5,6,7,4,6,6,5,7,5,,,,6,7,6,5,6,7,4,1,0,0,0,0,0,0,0,,187,37,1,1,0,0,1,0,1,,10,0,9,1,,1,,1,,1,,1,,1,,1,,1,,4,1,63efbbac-ffb2-11e3-9038-3b48cb276a24
2/17/2023 9:36,2/17/2023 9:47,0,100,622,1,2/17/2023 9:47,R_2rq1FAWU5b2RQhT,anonymous,EN,1,1,1,1,1,1,5,3,2,2,,2,0,1000,200,500,300,,0,0,1,2,5,5,3,5,5,5,3,5,6,7,2,3,1,2,,2,2,9,9,9,9,,3,5,4,1,3,3,,1,2,4,3,5,5,,3,4,1,1,3,3,3,1,2,2,,,4,2,3,5,1,9,9,9,,9,4,9,8,10,9,,8,7,9,9,7,7,,9,8,9,9,8,8,,8,3,5,6,5,5,5,5,5,6,6,5,6,6,,,,6,7,7,4,4,4,5,1,0,0,0,0,0,0,0,,187,44,0,0,0,0,0,1,1,,10,6,8,1,,1,,1,,1,,1,,2,,2,,1,,4,1,63efbaf5-f5cd-d494-eb4d-041d8e9681de
2/17/2023 9:36,2/17/2023 9:47,0,100,669,1,2/17/2023 9:47,R_2SDCZLu3LqXzSDf,anonymous,EN,1,1,1,1,1,1,5,2,3,3,,1,0,700,200,700,300,,100,0,4,4,5,4,2,2,7,5,4,6,4,7,2,2,1,2,,2,1,9,9,9,9,,9,8,4,5,5,3,,4,3,5,2,5,4,,3,2,6,5,5,4,7,6,5,5,,,6,3,2,2,10,9,10,10,,7,3,10,10,10,10,,9,8,9,8,8,9,,7,4,9,8,9,9,,6,0,7,7,7,6,7,7,6,6,6,7,7,5,,,,6,6,6,4,4,2,3,0,0,0,1,0,0,0,0,,187,26,0,0,0,0,0,1,1,,7,2,2,1,,1,,2,,2,,1,,1,,1,,1,,4,1,63efbaa3-21e8-f482-bef6-6182f0f1e2ee
2/17/2023 9:32,2/17/2023 9:47,0,100,938,1,2/17/2023 9:47,R_3m30oJZqSuAYCwm,anonymous,EN,1,0,0,0,1,0,3,3,3,,,3,2,400,400,400,,,400,400,7,1,6,6,2,2,7,2,1,7,6,6,1,1,1,,,1,1,1,1,1,,,1,1,4,4,4,,,4,4,3,4,4,,,4,4,7,7,7,7,7,7,,,,,5,5,5,5,7,8,8,,,8,8,9,9,9,,,9,10,7,7,5,,,4,8,8,5,6,,,6,6,6,6,5,6,6,6,6,6,6,,,,,,,6,5,5,5,5,5,6,0,1,0,0,0,0,0,0,,187,51,0,0,1,0,0,0,1,,9,7,8,1,,1,,1,,1,,1,,2,,2,,1,,4,1,63efb9f6-f44a-c20c-8b04-44d36847f2c0
2/17/2023 9:37,2/17/2023 9:48,0,100,636,1,2/17/2023 9:48,R_2c12mKxyKF7EnND,anonymous,EN,1,1,1,1,1,0,5,0,7,2,,0,0,500,0,1400,100,,0,0,5,6,3,3,5,5,6,5,5,5,3,6,1,3,1,6,,2,1,9,1,9,9,,8,7,4,1,5,5,,3,2,4,1,5,5,,3,2,5,5,4,4,7,7,6,6,,,4,4,3,3,10,5,10,9,,5,4,10,5,10,8,,5,7,8,0,10,7,,5,4,8,0,10,7,,5,4,7,3,4,1,1,1,7,7,7,7,7,7,,,,5,5,5,4,4,4,5,1,0,0,0,0,0,0,0,,187,39,0,1,0,0,1,0,1,,23,3,15,1,,1,,1,,1,,1,,2,,2,,1,,4,1,63efbb09-c7be-7ad7-52b9-4853a7b0daf4
2/17/2023 9:30,2/17/2023 9:48,0,100,1108,1,2/17/2023 9:48,R_Und05XbUidsAgnL,anonymous,EN,1,0,0,0,1,0,3,3,5,,,2,1,400,400,500,,,350,350,4,5,5,5,4,6,5,4,5,4,3,6,2,2,3,,,2,3,2,3,4,,,8,7,3,3,4,,,4,2,3,3,2,,,4,3,4,4,4,5,5,3,,,,,5,4,4,5,3,5,4,,,7,5,4,4,5,,,4,5,6,5,3,,,6,6,4,4,8,,,1,6,5,4,5,5,4,5,2,5,4,,,,,,,3,4,4,5,5,3,1,1,0,0,0,0,0,0,0,,187,27,0,0,0,0,0,1,1,,3,2,4,1,,1,,1,,1,,1,,2,,2,,1,,2,1,63efb95f-4671-7022-8924-dcbe0a983ac8
2/17/2023 9:41,2/17/2023 9:48,0,100,436,1,2/17/2023 9:48,R_22zvrbfshyEY4o6,anonymous,EN,1,1,1,0,1,0,2,2,4,2,,2,2,300,300,600,300,,300,200,7,7,7,7,7,7,7,7,7,7,7,7,4,4,4,4,,4,4,9,9,9,9,,9,9,5,5,5,5,,5,5,5,5,5,5,,5,5,7,7,7,7,7,7,7,7,,,7,7,7,7,10,9,10,10,,10,10,10,10,10,9,,8,10,10,10,10,10,,10,10,10,10,10,10,,10,10,7,7,7,7,7,7,6,7,7,7,7,7,,,,7,7,7,7,7,7,6,1,0,0,0,0,0,0,0,,187,35,0,0,0,0,0,1,1,,6,5,6,1,,1,,1,,1,,1,,2,,2,,1,,4,1,63efbbc4-9b60-caae-1ec9-feedb847b71b
2/17/2023 9:35,2/17/2023 9:50,0,100,915,1,2/17/2023 9:50,R_R3ofxChv5DgXyVz,anonymous,EN,1,1,1,1,1,0,4,0,6,4,,0,0,500,0,1000,500,,0,0,7,1,7,7,1,4,7,7,4,7,7,4,1,3,1,1,,3,3,9,1,9,9,,5,5,5,1,5,5,,3,1,5,1,5,3,,1,1,7,7,1,1,7,7,7,7,,,1,1,1,1,10,0,10,10,,10,10,10,0,10,10,,10,10,0,10,0,0,,10,10,10,0,10,10,,0,0,7,7,7,1,1,1,4,4,4,4,4,4,,,,1,1,1,1,1,1,1,0,1,0,0,0,0,0,0,,187,23,0,0,0,0,0,1,1,,4,4,4,2,,1,,2,,2,,1,,1,,1,,1,,4,1,63efba9f-0ab4-ff31-6810-81a949e9cbea
2/17/2023 9:33,2/17/2023 9:50,0,100,1037,1,2/17/2023 9:50,R_yBZr1pnD0b968N3,anonymous,EN,1,0,0,0,1,0,4,4,4,,,1,1,500,500,1000,,,0,0,5,5,7,6,2,5,2,5,6,2,7,7,4,2,1,,,4,1,3,2,9,,,5,5,3,2,5,,,3,2,4,2,5,,,3,1,7,7,3,7,7,7,,,,,7,7,5,1,10,10,10,,,10,2,10,10,10,,,8,2,8,8,10,,,5,2,10,10,10,,,6,2,7,7,7,6,4,1,7,7,7,,,,,,,7,7,2,6,4,1,2,1,0,0,0,0,0,0,0,,187,33,0,1,0,0,0,0,1,,3,1,2,1,,1,,1,,1,,1,,2,,2,,1,,4,1,63efba44-7981-35a6-7bf7-1c2b2a0935d9
2/17/2023 9:42,2/17/2023 9:52,0,100,596,1,2/17/2023 9:52,R_82msbsxSmpgYPlv,anonymous,EN,1,0,0,0,1,0,4,3,5,,,1,1,500,400,750,,,150,200,7,6,6,6,7,6,4,5,6,6,6,7,6,5,6,,,4,3,9,8,9,,,7,7,4,3,5,,,4,3,4,4,5,,,4,4,7,6,5,6,7,7,,,,,6,5,4,5,9,8,9,,,6,5,10,9,10,,,6,5,9,8,10,,,7,6,8,8,9,,,6,5,7,5,7,6,7,5,6,4,6,,,,,,,4,6,6,5,6,7,6,1,0,0,0,0,0,0,0,,187,35,0,0,0,0,0,1,1,,16,4,16,1,,1,,1,,1,,1,,2,,2,,1,,4,1,63efbbda-be4e-532b-8752-4c8afe70cd9d
2/17/2023 9:41,2/17/2023 9:52,0,100,647,1,2/17/2023 9:52,R_OINzHO00zMPQFr3,anonymous,EN,1,1,1,0,1,0,1,1,2,2,,3,5,200,300,500,200,,400,400,6,6,6,5,5,5,5,5,5,5,5,5,2,3,2,3,,3,2,7,7,7,7,,7,7,2,2,2,2,,2,2,4,4,4,4,,4,4,5,4,4,5,5,5,5,5,,,5,4,5,4,7,6,7,7,,7,7,6,6,8,6,,6,7,5,7,6,6,,6,7,7,6,6,6,,6,6,6,6,6,6,6,6,6,6,6,6,6,6,,,,6,6,6,6,6,6,6,1,0,0,0,0,0,0,0,,187,25,0,0,0,0,1,0,1,,7,2,7,1,,1,,1,,1,,1,,2,,2,,1,,4,1,63efbb9e-39e6-0899-a82f-d12666aba61a
2/17/2023 9:31,2/17/2023 9:52,0,100,1292,1,2/17/2023 9:52,R_1NtqWk699mrfw5R,anonymous,EN,1,1,1,1,1,1,3,2,3,2,,3,1,400,400,400,400,,400,0,3,5,3,5,2,5,5,5,3,2,6,5,1,4,1,3,,2,1,9,7,9,9,,6,4,5,2,5,5,,5,1,5,4,5,5,,5,2,5,5,4,3,7,7,6,6,,,6,6,2,2,0,3,0,1,,1,5,10,7,10,10,,10,7,9,9,10,10,,10,6,6,6,8,9,,9,6,6,5,5,6,3,3,7,7,7,6,5,6,,,,6,6,6,4,4,2,4,1,0,0,0,0,0,0,0,,187,27,0,0,0,0,0,1,1,,8,0,6,1,,2,,2,,2,,4,,1,,1,,1,,4,1,63efb9b3-2836-e230-9b43-01cc7114bd6b
2/17/2023 9:33,2/17/2023 9:53,0,100,1219,1,2/17/2023 9:53,R_30q3oblJVHAKvVs,anonymous,EN,1,0,0,0,1,0,3,3,3,,,3,2,400,400,1000,,,100,100,4,4,4,5,4,5,4,4,4,4,4,5,1,2,1,,,1,1,9,9,9,,,7,8,4,4,5,,,3,3,4,3,5,,,3,3,7,7,5,5,7,7,,,,,4,4,3,3,10,8,10,,,5,5,10,8,10,,,5,5,10,7,10,,,5,5,10,7,10,,,5,5,7,7,5,4,4,4,6,6,6,,,,,,,4,4,4,4,4,4,3,1,0,0,0,0,0,0,0,,187,43,0,0,0,0,0,1,1,,25,0,24,1,,1,,2,,2,,1,,1,,1,,1,,4,1,63efb9ae-33c5-97f8-c84e-47351a84f840
2/17/2023 9:36,2/17/2023 9:54,0,100,1112,1,2/17/2023 9:54,R_SE12x4XlMrHBk2d,anonymous,EN,1,1,1,1,1,1,2,2,4,2,,2,2,250,250,1000,250,,250,0,2,5,5,6,3,6,7,1,2,7,1,7,3,5,1,5,,3,1,9,9,9,7,,8,2,5,4,5,2,,4,1,5,5,5,1,,4,1,7,7,7,7,7,7,2,2,,,7,7,1,1,10,10,10,2,,9,0,10,10,10,10,,10,10,10,10,10,4,,9,0,10,10,10,0,,9,0,7,7,7,7,7,7,7,7,7,3,3,1,,,,7,7,7,1,1,1,2,1,0,0,0,0,0,0,0,,187,38,0,0,0,0,0,1,1,,4,1,2.5,1,,2,,2,,2,,1,,1,,1,,1,,4,1,63efbabb-47ff-f232-8286-1b5e1be57fdf
2/17/2023 9:36,2/17/2023 9:56,0,100,1164,1,2/17/2023 9:56,R_V3TM7vJaNeXcSfT,anonymous,EN,1,1,1,1,1,1,9,1,1,1,,1,1,550,650,501,124,,175,0,7,6,7,7,2,3,5,3,3,4,5,7,6,1,1,3,,2,4,9,9,9,5,,9,3,3,5,5,1,,2,3,3,3,3,3,,3,1,4,5,4,5,4,5,4,4,,,4,5,4,3,4,4,4,4,,5,9,5,6,6,7,,6,5,6,7,7,5,,6,6,0,4,3,5,,0,4,4,3,5,3,4,4,3,3,4,2,4,3,,,,4,4,4,4,4,4,3,1,1,0,0,0,0,0,0,,187,36,0,0,1,0,0,0,1,,4,1,3,1,,1,,1,,2,,1,,1,,2,,1,,4,1,63efbae9-ca3c-a4f5-0286-cf8d69dd0cc1
2/17/2023 9:46,2/17/2023 9:59,0,100,803,1,2/17/2023 9:59,R_1GCgWY3jmcwL1Kk,anonymous,EN,1,1,1,1,1,1,3,3,3,2,,2,1,500,300,500,300,,300,100,7,7,7,7,7,7,5,7,7,7,7,7,4,5,2,4,,3,2,9,8,9,9,,9,9,5,5,5,4,,5,4,5,3,5,5,,5,4,7,7,7,7,7,7,7,6,,,7,6,5,5,10,10,10,10,,10,8,10,10,10,10,,10,8,10,10,10,10,,10,8,10,10,10,10,,10,7,7,7,7,7,5,5,7,7,7,7,6,7,,,,7,7,7,7,5,5,6,1,0,0,0,0,0,0,0,,187,35,0,1,0,0,0,0,1,,1,2,16,1,,1,,2,,2,,1,,1,,1,,1,,4,1,63efbcd7-85de-cf1b-607c-89158d2afffd
2/17/2023 9:52,2/17/2023 10:00,0,100,435,1,2/17/2023 10:00,R_exJnhpW5CmXHHlD,anonymous,EN,1,0,1,1,1,0,1,0,13,,0,0,0,1000,0,1000,,0,0,0,4,4,4,4,4,4,4,4,4,4,4,4,1,6,1,,2,3,1,5,5,5,,5,5,5,1,3,1,,1,1,1,5,3,5,,3,3,3,4,4,4,4,4,4,,,4,4,4,4,4,4,5,5,5,,5,5,5,5,5,5,,5,5,5,5,5,5,,5,5,5,5,5,5,,5,5,5,4,4,4,4,4,4,4,4,4,,,,4,4,4,4,4,4,4,4,4,7,1,0,0,0,0,0,0,0,,187,42,0,1,0,0,0,0,1,,6,5,6,1,,2,,2,,2,,1,,1,,1,,1,,4,1,63efbe99-a73a-d3b0-b363-2eb4ff5d185b
2/17/2023 9:40,2/17/2023 10:00,0,100,1185,1,2/17/2023 10:00,R_1CBIvBiW5UgqnCH,anonymous,EN,1,1,1,1,1,0,5,3,2,1,,2,1,600,400,300,400,,200,100,2,7,7,7,7,1,7,7,7,7,2,7,3,3,3,3,,3,3,9,9,9,9,,9,9,5,5,5,5,,4,4,5,5,5,5,,4,4,7,7,7,7,7,7,7,7,,,6,6,6,6,10,10,10,10,,7,7,10,10,10,10,,10,10,10,10,10,10,,10,10,10,10,10,10,,10,10,7,2,7,7,2,7,7,2,7,7,2,7,,,,7,2,7,7,2,7,6,1,0,0,0,0,0,0,0,,187,38,0,0,0,0,0,1,1,,40,2,36,1,,1,,1,,1,,1,,2,,2,,1,,4,1,63efbb8c-df63-dc16-9998-93e208a9262d
2/17/2023 9:36,2/17/2023 10:02,0,100,1564,1,2/17/2023 10:02,R_1mxzUeNewQhGf2q,anonymous,EN,1,1,1,1,1,1,3,4,4,3,,0,0,500,500,500,500,,0,0,5,5,5,5,5,6,6,4,4,4,3,5,2,2,1,3,,3,3,6,6,6,6,,6,6,4,4,4,4,,4,4,4,5,4,4,,4,4,5,6,6,6,6,6,5,6,,,6,6,5,5,7,8,7,9,,8,9,8,9,9,9,,8,8,8,8,8,8,,8,8,8,8,8,9,,9,8,5,5,5,5,6,5,6,6,6,5,5,6,,,,6,7,6,6,6,6,2,1,0,0,0,0,0,0,0,,187,24,0,0,0,0,0,1,1,,3,5,3,1,,1,,2,,2,,1,,2,,2,,1,,3,1,63efbaba-6c20-8e7a-2d09-e56ea86dc99a
2/17/2023 9:39,2/17/2023 10:07,0,100,1674,1,2/17/2023 10:07,R_1OkJJbDJMSFYOte,anonymous,EN,1,1,1,1,1,1,4,3,2,2,,2,1,400,300,500,400,,300,100,6,2,7,7,5,2,1,2,2,2,6,6,5,6,1,7,,3,3,9,9,9,9,,9,9,4,4,5,4,,5,5,4,4,5,4,,5,4,7,7,6,7,7,7,7,5,,,7,6,5,5,10,10,10,8,,7,7,10,10,10,10,,10,10,10,10,10,8,,9,7,10,10,10,7,,6,6,7,7,7,6,6,7,7,7,7,6,7,7,,,,4,5,7,4,5,5,5,0,1,0,0,0,0,0,0,,187,39,0,0,0,0,0,1,1,,19,28,17,1,,1,,2,,2,,1,,1,,1,,1,,4,1,63efba6e-f93c-52a3-6e45-7fff2762fec9
2/17/2023 10:01,2/17/2023 10:09,0,100,497,1,2/17/2023 10:09,R_338ZPYji94A3ZR5,anonymous,EN,1,1,1,1,1,1,2,2,3,2,,2,3,1000,0,0,0,,1000,0,5,6,6,6,6,5,4,4,5,5,5,4,4,2,3,4,,2,1,9,9,9,9,,9,9,5,3,3,3,,3,1,3,3,4,4,,3,2,5,4,5,5,5,5,5,4,,,4,4,4,5,9,9,8,9,,6,1,9,9,9,8,,6,4,5,8,6,7,,8,7,6,7,7,7,,7,7,7,7,6,5,5,4,3,4,3,4,5,4,,,,3,3,3,2,2,3,4,1,0,0,0,0,0,0,0,,187,35,0,1,0,0,0,0,1,,15,2,15,1,,1,,1,,1,,1,,2,,2,,1,,4,1,63efb9b9-4057-b923-04a6-34018f20a672
2/17/2023 10:46,2/17/2023 10:50,0,100,206,1,2/17/2023 10:50,R_9Suf2jnHF7iqAIp,anonymous,EN,1,0,0,0,1,0,7,2,3,,,2,0,1000,1000,0,,,0,0,2,5,3,5,3,4,6,5,6,6,4,1,3,5,5,,,1,2,3,5,3,,,7,4,2,4,4,,,3,5,4,5,5,,,3,3,3,5,3,3,5,7,,,,,4,4,7,3,3,5,1,,,3,10,6,7,3,,,5,8,5,8,2,,,5,9,2,3,7,,,7,6,4,5,4,4,5,3,4,6,4,,,,,,,5,6,2,3,4,6,2,1,0,0,0,0,0,0,0,,187,21,0,0,0,0,0,1,1,,5,2,1,1,,2,,2,,2,,4,,1,,1,,1,,4,1,63efcb38-34fc-fcb9-3771-be92da2152c9
2/17/2023 10:45,2/17/2023 10:51,0,100,379,1,2/17/2023 10:51,R_2sZvWtwfXVQrVa0,anonymous,EN,1,1,1,1,1,1,0,0,10,0,,4,0,0,0,2000,0,,0,0,5,4,7,6,1,4,3,1,1,6,2,2,6,7,1,6,,1,1,7,6,9,9,,9,6,1,1,5,5,,5,3,1,2,5,5,,5,1,1,1,1,1,7,7,7,7,,,7,7,3,3,0,0,10,10,,10,6,5,5,5,5,,5,5,0,0,10,6,,3,0,0,0,10,6,,5,2,1,1,1,1,1,1,7,7,7,4,4,4,,,,5,5,5,4,4,4,3,1,0,0,0,0,0,0,0,,187,33,0,0,0,0,0,1,1,,17,3,13,1,,1,,2,,2,,1,,1,,1,,1,,4,1,63efcafd-6e34-9b35-9258-e87e3324e330
2/17/2023 10:50,2/17/2023 10:55,0,100,268,1,2/17/2023 10:55,R_3Hzy2UDay1yDNVf,anonymous,EN,1,1,1,1,1,0,2,0,10,1,,1,0,200,0,1000,200,,200,400,7,6,5,4,7,6,5,4,7,6,5,4,4,5,4,5,,5,4,9,9,9,9,,9,5,4,3,4,3,,4,3,5,4,3,5,,4,3,7,6,7,7,7,7,5,5,,,5,5,4,5,8,9,10,9,,8,7,10,9,8,7,,10,9,10,9,7,9,,7,8,10,9,8,7,,10,8,7,6,7,7,6,5,7,6,5,7,6,5,,,,7,6,5,4,5,6,6,0,0,0,0,1,0,0,0,,187,32,0,0,0,0,1,0,1,,4,5,4,1,,1,,2,,2,,1,,1,,1,,1,,4,1,63efcc71-d7df-259a-9529-377a83699363
2/17/2023 10:48,2/17/2023 10:57,0,100,565,1,2/17/2023 10:57,R_uxgMjx6M7p7jU8V,anonymous,EN,1,0,0,0,1,0,3,3,8,,,0,0,0,0,2000,,,0,0,3,4,6,6,4,4,3,5,7,3,5,6,4,4,1,,,2,3,9,9,9,,,9,9,4,4,5,,,3,2,4,4,5,,,4,3,7,7,7,5,7,7,,,,,5,5,4,4,10,10,10,,,7,5,10,10,10,,,8,7,6,5,10,,,4,3,7,6,8,,,5,2,7,7,7,7,7,7,7,7,7,,,,,,,7,7,7,7,7,7,5,1,0,0,0,0,0,0,0,,187,45,0,0,0,0,0,1,1,,20,0,18,1,,1,,2,,2,,1,,2,,1,,1,,3,1,63efcba1-a623-3d05-053b-2395030d084c
2/17/2023 10:53,2/17/2023 10:59,0,100,365,1,2/17/2023 10:59,R_2woyTuQQRhQBYC0,anonymous,EN,1,1,1,1,1,1,5,0,6,2,,1,0,1000,0,1000,0,,0,0,3,4,4,4,4,4,4,4,4,4,4,4,2,3,4,4,,4,3,5,5,5,6,,5,5,3,3,3,3,,3,3,3,3,3,3,,3,3,4,4,4,4,4,4,4,4,,,4,4,4,4,4,5,4,5,,5,5,5,5,5,5,,5,5,5,5,5,5,,4,5,5,5,5,5,,5,5,4,4,4,4,4,4,4,4,4,4,4,4,,,,4,4,4,4,4,4,3,0,0,0,1,0,0,0,0,,187,32,0,0,0,0,0,1,1,,16,5,11,1,,1,,2,,2,,1,,1,,1,,1,,2,1,63efccdf-a311-7ce0-6e64-8eae2a21238e
2/17/2023 10:49,2/17/2023 11:01,0,100,698,1,2/17/2023 11:01,R_3Ic0JHRqzYdQczW,anonymous,EN,1,1,1,0,1,0,3,3,3,2,,3,0,500,500,500,0,,500,0,7,3,7,7,5,6,1,3,1,7,7,7,7,7,1,7,,7,1,1,1,9,1,,9,1,1,1,5,1,,4,1,1,1,5,1,,5,1,1,2,1,1,6,6,1,1,,,7,7,1,1,10,10,10,3,,10,4,10,10,10,5,,10,5,9,9,10,4,,7,0,10,9,10,7,,10,0,1,1,1,1,1,1,1,1,1,1,1,1,,,,7,7,7,1,1,1,4,1,0,0,0,0,0,0,0,,187,46,0,0,1,0,0,0,1,,19,0,16,1,,1,,2,,2,,1,,1,,1,,1,,4,1,63efcc2f-bc4c-fce4-1dca-2ce29ae7b905
2/17/2023 10:51,2/17/2023 11:03,0,100,706,1,2/17/2023 11:03,R_1dEMdjU2MGXfHje,anonymous,EN,1,0,1,1,1,0,2,5,5,,2,0,0,600,400,400,,600,0,0,5,4,6,6,1,3,7,2,4,6,3,7,2,6,7,,1,7,1,5,5,5,,5,5,5,2,3,5,,1,4,3,1,1,1,,1,1,1,5,3,4,4,7,7,,,4,2,4,3,1,1,8,8,7,,8,8,8,9,9,8,,6,8,8,7,8,8,,8,8,8,7,8,8,,9,8,8,7,7,6,6,6,6,7,6,7,,,,6,7,6,6,7,6,6,6,7,2,0,0,0,1,0,0,0,0,,187,46,0,0,0,0,0,1,1,,3,4,2,1,,2,,2,,2,,4,,1,,1,,1,,4,1,63efcc6f-d563-a9f4-1f0a-ae3976b2cfdc
2/17/2023 11:00,2/17/2023 11:05,0,100,336,1,2/17/2023 11:05,R_3EfMnr6bVLsI1if,anonymous,EN,1,0,0,0,0,1,5,0,6,,,3,0,1000,0,1000,,,0,0,4,4,4,4,4,4,4,4,4,4,4,4,5,3,5,,,4,3,5,5,5,,,5,5,3,3,3,,,3,3,3,3,3,,,3,3,4,4,4,4,4,4,,,,,4,4,4,4,4,5,5,,,5,5,5,5,5,,,5,5,5,5,5,,,5,5,5,5,5,,,5,5,4,4,4,4,4,4,4,4,4,,,,,,,4,4,4,4,4,4,3,0,0,0,1,0,0,0,0,,187,32,0,0,0,0,0,1,1,,16,6,11,1,,1,,2,,2,,1,,1,,1,,1,,2,1,63efccdf-a311-7ce0-6e64-8eae2a21238e
2/17/2023 9:32,2/17/2023 11:51,0,100,8349,1,2/17/2023 11:51,R_2Y4hJXoI361Nxiu,anonymous,EN,1,1,1,1,1,1,2,2,7,2,,1,0,250,250,1250,150,,100,0,7,6,6,6,2,6,6,2,1,6,7,7,7,1,1,4,,1,1,1,1,9,1,,4,2,1,1,5,1,,1,1,1,1,2,3,,1,1,1,4,1,4,7,7,4,4,,,3,3,3,3,10,10,10,10,,4,2,10,10,10,10,,10,10,1,1,10,1,,0,0,2,2,10,1,,0,0,1,1,1,1,1,1,7,7,7,1,1,1,,,,1,1,1,1,1,1,3,1,0,0,0,0,0,0,0,,74,37,0,0,0,0,0,1,1,,2,0,1,1,,2,,2,,2,,2,,2,,2,,2,,4,1,63efb9b6-83fd-218f-99f4-7c73d05105b5
